-- phpMyAdmin SQL Dump
-- version 5.0.2
-- https://www.phpmyadmin.net/
--
-- Host: localhost:3306
-- Generation Time: Sep 26, 2020 at 12:54 AM
-- Server version: 5.7.24
-- PHP Version: 7.3.22RC1

SET SQL_MODE = "NO_AUTO_VALUE_ON_ZERO";
START TRANSACTION;
SET time_zone = "+00:00";


/*!40101 SET @OLD_CHARACTER_SET_CLIENT=@@CHARACTER_SET_CLIENT */;
/*!40101 SET @OLD_CHARACTER_SET_RESULTS=@@CHARACTER_SET_RESULTS */;
/*!40101 SET @OLD_COLLATION_CONNECTION=@@COLLATION_CONNECTION */;
/*!40101 SET NAMES utf8mb4 */;

--
-- Database: `eapi`
--

-- --------------------------------------------------------

--
-- Table structure for table `failed_jobs`
--

CREATE TABLE `failed_jobs` (
  `id` bigint(20) UNSIGNED NOT NULL,
  `connection` text COLLATE utf8mb4_unicode_ci NOT NULL,
  `queue` text COLLATE utf8mb4_unicode_ci NOT NULL,
  `payload` longtext COLLATE utf8mb4_unicode_ci NOT NULL,
  `exception` longtext COLLATE utf8mb4_unicode_ci NOT NULL,
  `failed_at` timestamp NOT NULL DEFAULT CURRENT_TIMESTAMP
) ENGINE=InnoDB DEFAULT CHARSET=utf8mb4 COLLATE=utf8mb4_unicode_ci;

-- --------------------------------------------------------

--
-- Table structure for table `migrations`
--

CREATE TABLE `migrations` (
  `id` int(10) UNSIGNED NOT NULL,
  `migration` varchar(255) COLLATE utf8mb4_unicode_ci NOT NULL,
  `batch` int(11) NOT NULL
) ENGINE=InnoDB DEFAULT CHARSET=utf8mb4 COLLATE=utf8mb4_unicode_ci;

--
-- Dumping data for table `migrations`
--

INSERT INTO `migrations` (`id`, `migration`, `batch`) VALUES
(1, '2014_10_12_000000_create_users_table', 1),
(2, '2014_10_12_100000_create_password_resets_table', 1),
(3, '2019_08_19_000000_create_failed_jobs_table', 1),
(4, '2020_09_24_085649_create_products_table', 1),
(5, '2020_09_24_085721_create_reviews_table', 1);

-- --------------------------------------------------------

--
-- Table structure for table `password_resets`
--

CREATE TABLE `password_resets` (
  `email` varchar(255) COLLATE utf8mb4_unicode_ci NOT NULL,
  `token` varchar(255) COLLATE utf8mb4_unicode_ci NOT NULL,
  `created_at` timestamp NULL DEFAULT NULL
) ENGINE=InnoDB DEFAULT CHARSET=utf8mb4 COLLATE=utf8mb4_unicode_ci;

-- --------------------------------------------------------

--
-- Table structure for table `products`
--

CREATE TABLE `products` (
  `id` int(10) UNSIGNED NOT NULL,
  `name` varchar(255) COLLATE utf8mb4_unicode_ci NOT NULL,
  `detail` text COLLATE utf8mb4_unicode_ci NOT NULL,
  `price` int(11) NOT NULL,
  `stock` int(11) NOT NULL,
  `discount` int(11) NOT NULL,
  `created_at` timestamp NULL DEFAULT NULL,
  `updated_at` timestamp NULL DEFAULT NULL
) ENGINE=InnoDB DEFAULT CHARSET=utf8mb4 COLLATE=utf8mb4_unicode_ci;

--
-- Dumping data for table `products`
--

INSERT INTO `products` (`id`, `name`, `detail`, `price`, `stock`, `discount`, `created_at`, `updated_at`) VALUES
(1, 'voluptatem', 'Dolore voluptate eos porro est et. Voluptatem tenetur facilis corporis quis est.', 329, 8, 4, '2020-09-25 16:43:56', '2020-09-25 16:43:56'),
(2, 'ipsa', 'Quis nobis sit cupiditate quae ex tempora aliquid. Sed consequatur totam et rem modi excepturi.', 305, 8, 4, '2020-09-25 16:43:56', '2020-09-25 16:43:56'),
(3, 'hic', 'Perspiciatis omnis praesentium dolorem ut rerum nesciunt molestiae. Eaque omnis aperiam rerum animi deleniti. Fuga voluptas autem accusantium. Est et vero dicta ratione ut sint.', 483, 0, 24, '2020-09-25 16:43:56', '2020-09-25 16:43:56'),
(4, 'temporibus', 'Aut assumenda minima placeat et. Ad perspiciatis ipsa voluptatem facilis itaque illum in. Et aliquid perspiciatis qui perferendis neque iste iusto architecto. Voluptate pariatur rerum eveniet sint asperiores qui dolor.', 312, 2, 28, '2020-09-25 16:43:56', '2020-09-25 16:43:56'),
(5, 'rem', 'Sed fugiat id sunt repellat perferendis eveniet. Quis omnis incidunt et sint necessitatibus maxime. Quidem odio cum enim ex ut et quia.', 563, 5, 14, '2020-09-25 16:43:57', '2020-09-25 16:43:57'),
(6, 'vero', 'Quo quo inventore doloremque aliquid id aut. Officiis et voluptatem qui reprehenderit vero. Ut enim at laudantium libero.', 709, 7, 13, '2020-09-25 16:43:57', '2020-09-25 16:43:57'),
(7, 'dolorem', 'Nulla accusantium sequi ipsum ut deserunt ea. Impedit facilis tempora id sed delectus autem inventore. Qui totam ducimus et ut id consequuntur.', 140, 7, 30, '2020-09-25 16:43:57', '2020-09-25 16:43:57'),
(8, 'odio', 'Ad suscipit veniam doloremque minima repellat nesciunt. Fugit itaque et exercitationem eos. Maxime esse quo aut minima nobis. Qui vel ut est eum.', 750, 2, 26, '2020-09-25 16:43:57', '2020-09-25 16:43:57'),
(9, 'nihil', 'Autem voluptas cumque rerum. Modi vel animi dolore incidunt ad. Asperiores adipisci recusandae dolorum assumenda fugit. Labore qui accusamus ea sit quia maiores. Itaque cum excepturi voluptas magni.', 932, 8, 20, '2020-09-25 16:43:57', '2020-09-25 16:43:57'),
(10, 'deserunt', 'Nam exercitationem aut officiis non culpa nulla dolore. Itaque quia temporibus expedita sunt. Voluptas suscipit illo eum et vitae blanditiis sint. Modi odio consequatur laborum.', 288, 0, 30, '2020-09-25 16:43:57', '2020-09-25 16:43:57'),
(11, 'quae', 'Dolorem vero optio nam necessitatibus. Delectus non dolorem ut hic. Eum veniam enim suscipit voluptatibus magni.', 754, 5, 13, '2020-09-25 16:43:57', '2020-09-25 16:43:57'),
(12, 'excepturi', 'Voluptas mollitia eos praesentium modi molestiae aut fugiat nisi. Illo quia sed cupiditate ipsam. Odit quas rerum doloribus explicabo nobis. Ea vel sed rerum repudiandae placeat nulla qui.', 845, 6, 26, '2020-09-25 16:43:57', '2020-09-25 16:43:57'),
(13, 'doloremque', 'Id quae laborum quibusdam id. Reiciendis ab quia minus. Voluptates tempora voluptatem soluta quisquam nostrum quidem vitae eos.', 117, 2, 28, '2020-09-25 16:43:57', '2020-09-25 16:43:57'),
(14, 'nemo', 'Corrupti reiciendis veritatis quam quidem. Veniam qui nemo velit reiciendis debitis voluptatem dolores ut.', 895, 8, 24, '2020-09-25 16:43:57', '2020-09-25 16:43:57'),
(15, 'nemo', 'Repudiandae similique veniam placeat deserunt rerum. Similique provident numquam beatae maxime illum. Nobis quidem possimus rerum eos voluptatem ad. Harum magnam sequi ut quo unde quis quia distinctio.', 664, 2, 24, '2020-09-25 16:43:57', '2020-09-25 16:43:57'),
(16, 'tenetur', 'Expedita quia animi quasi unde. Labore aperiam ipsum soluta praesentium. Ut facilis corporis aliquid illum ratione modi eveniet sed.', 782, 3, 17, '2020-09-25 16:43:57', '2020-09-25 16:43:57'),
(17, 'aliquid', 'Consequatur accusamus non dolorem sint. Aperiam dicta enim ut impedit. Aut magni dolores omnis. Enim quos sint reiciendis modi eos occaecati et. Dolore et error unde dolor reiciendis et sit.', 890, 6, 6, '2020-09-25 16:43:57', '2020-09-25 16:43:57'),
(18, 'tempore', 'Eos commodi ut nisi odit sunt. Voluptatibus in et numquam pariatur quae praesentium omnis.', 970, 7, 8, '2020-09-25 16:43:57', '2020-09-25 16:43:57'),
(19, 'id', 'Et culpa autem eum quia blanditiis eum culpa quia. Quia ab sint sit nemo. Dolorem rem ducimus ex.', 316, 0, 8, '2020-09-25 16:43:57', '2020-09-25 16:43:57'),
(20, 'fugiat', 'Consequatur totam cupiditate dolor natus omnis repellendus sit. Tenetur quas et non harum. Quaerat aut ab atque deleniti ea consequuntur pariatur. Doloribus eveniet reiciendis eveniet asperiores dignissimos.', 284, 5, 29, '2020-09-25 16:43:57', '2020-09-25 16:43:57'),
(21, 'culpa', 'Facere nihil quis vitae quidem sint. Reiciendis quisquam voluptates est id eius eaque. Sit consequatur provident at repellendus. Recusandae sapiente ratione enim unde minima.', 710, 0, 17, '2020-09-25 16:43:57', '2020-09-25 16:43:57'),
(22, 'libero', 'Perspiciatis ut quia maiores inventore molestias eos qui. Sit esse temporibus maiores qui ratione excepturi. In excepturi cupiditate mollitia voluptatum eligendi in. Cumque necessitatibus culpa harum veniam nulla architecto veniam.', 802, 4, 29, '2020-09-25 16:43:57', '2020-09-25 16:43:57'),
(23, 'quia', 'Ducimus atque impedit quia enim perferendis. Omnis et autem eum dolore saepe. Qui eum perferendis illum dolor.', 749, 8, 17, '2020-09-25 16:43:57', '2020-09-25 16:43:57'),
(24, 'veniam', 'Aut doloremque a sit facilis rem accusamus non debitis. Eos harum occaecati nihil et ut dicta. Minima aliquid qui est pariatur nulla provident. Sed voluptas veritatis eligendi quibusdam non voluptatem.', 280, 4, 19, '2020-09-25 16:43:57', '2020-09-25 16:43:57'),
(25, 'aut', 'Quos animi earum cupiditate. Quo ipsum molestiae rerum deserunt magni perspiciatis saepe. Quas quia ea aliquid porro.', 741, 9, 29, '2020-09-25 16:43:57', '2020-09-25 16:43:57'),
(26, 'maiores', 'Incidunt et officia id ea dignissimos quis ex. Doloremque perspiciatis sit quasi ipsum. Tenetur accusamus molestiae at itaque vitae sunt. Quia aliquam odio voluptatem veritatis. Odio tempora iure optio doloremque voluptatem rem corrupti alias.', 896, 4, 16, '2020-09-25 16:43:57', '2020-09-25 16:43:57'),
(27, 'consequatur', 'Blanditiis voluptatem et delectus esse non a. Debitis deleniti eligendi a perferendis veritatis voluptates. Recusandae aut vel eos et corrupti commodi.', 216, 7, 11, '2020-09-25 16:43:57', '2020-09-25 16:43:57'),
(28, 'placeat', 'Nostrum molestiae iusto nam veniam facere voluptatem. Commodi non eos rerum non consequatur nobis ipsam. Ut commodi veritatis sit et.', 552, 4, 26, '2020-09-25 16:43:57', '2020-09-25 16:43:57'),
(29, 'et', 'Est eligendi quam ut quos dolor eum. Incidunt blanditiis et consequuntur. Dolor ipsum minus doloremque perferendis aut. Consequatur possimus mollitia aliquid molestias ut minima.', 476, 5, 15, '2020-09-25 16:43:57', '2020-09-25 16:43:57'),
(30, 'nihil', 'Dolorem sint qui itaque blanditiis voluptatum voluptatem maxime at. Debitis illo adipisci voluptatem asperiores cupiditate. Quaerat pariatur est beatae impedit porro adipisci harum. Odio facilis sint sunt nihil.', 139, 6, 4, '2020-09-25 16:43:57', '2020-09-25 16:43:57'),
(31, 'quia', 'Quasi sed beatae quam quo mollitia repudiandae. Sunt odio aut est consectetur. Dolore at deleniti error dolor.', 140, 8, 15, '2020-09-25 16:43:57', '2020-09-25 16:43:57'),
(32, 'omnis', 'Aperiam qui labore vel expedita qui sit quo. Nisi mollitia odit ratione consequuntur laboriosam eligendi deleniti sit. Dolorum cum nulla dolorum voluptatum.', 919, 7, 10, '2020-09-25 16:43:57', '2020-09-25 16:43:57'),
(33, 'quidem', 'Molestiae omnis in impedit a quod esse eos incidunt. Quae impedit sed quis sit quo. Qui molestias beatae est itaque accusantium aperiam.', 427, 8, 12, '2020-09-25 16:43:58', '2020-09-25 16:43:58'),
(34, 'necessitatibus', 'Sapiente alias et qui amet. Sunt iure recusandae tenetur aliquid velit. Voluptatem similique consectetur harum voluptatem voluptas. Sit sint itaque et possimus cum veritatis.', 434, 4, 12, '2020-09-25 16:43:58', '2020-09-25 16:43:58'),
(35, 'est', 'Magnam voluptatum a dolores quasi autem voluptatibus. Minima aut perspiciatis molestias provident quae sit eveniet. Omnis voluptates consequuntur temporibus dolor. Quis eligendi debitis quae. Ut quidem eligendi qui temporibus qui temporibus vitae animi.', 954, 4, 11, '2020-09-25 16:43:58', '2020-09-25 16:43:58'),
(36, 'dolore', 'Omnis qui est accusantium illo explicabo nisi. Nisi quos maxime quam nisi qui. Quo sint impedit vero nihil exercitationem. Id libero voluptatibus voluptatem velit earum.', 212, 0, 25, '2020-09-25 16:43:58', '2020-09-25 16:43:58'),
(37, 'in', 'Expedita doloremque reprehenderit voluptatem aspernatur deserunt minima. Fugit dicta eveniet ut ut. Aliquid nam assumenda dolorum nesciunt et. Dolor quasi perspiciatis et non.', 526, 3, 11, '2020-09-25 16:43:58', '2020-09-25 16:43:58'),
(38, 'aliquid', 'Ducimus delectus sunt libero voluptas sequi aut magni odit. Numquam quo et odio in rerum. Architecto doloremque repellat id velit.', 179, 4, 27, '2020-09-25 16:43:58', '2020-09-25 16:43:58'),
(39, 'quas', 'Aut suscipit velit suscipit quia. Ratione optio ipsa voluptates dolor delectus. Aut aliquam quo minus repellendus dolorem voluptate illo. Eius sequi aperiam veniam esse est omnis praesentium.', 392, 1, 5, '2020-09-25 16:43:58', '2020-09-25 16:43:58'),
(40, 'velit', 'Sint sint voluptate quaerat excepturi aliquam qui cumque reprehenderit. Autem dicta rerum voluptatem sit sed. Et voluptas velit qui. In omnis pariatur ut nesciunt fuga vel voluptatem quam.', 445, 4, 25, '2020-09-25 16:43:58', '2020-09-25 16:43:58'),
(41, 'et', 'Molestiae sed eos qui cum in incidunt et voluptates. Quaerat explicabo similique repellendus dolor quae. Ad est porro ex repellendus nesciunt consequatur.', 606, 1, 9, '2020-09-25 16:43:58', '2020-09-25 16:43:58'),
(42, 'cupiditate', 'Aut non vero sunt dolorum. Voluptas ab aut dolores. Accusantium debitis saepe enim aliquam et nisi in. Facilis repudiandae vero ipsa.', 830, 7, 23, '2020-09-25 16:43:58', '2020-09-25 16:43:58'),
(43, 'cumque', 'Officiis voluptatum voluptas distinctio quae. Vero odit nesciunt velit molestias beatae aut doloribus. Occaecati ducimus quidem quia iste placeat nostrum.', 540, 7, 20, '2020-09-25 16:43:58', '2020-09-25 16:43:58'),
(44, 'voluptatem', 'Mollitia dolore optio dolor accusantium est porro dolorem. Doloremque doloribus nihil sed molestiae. Et et suscipit est optio. Accusamus iure neque aliquid dolorem.', 670, 0, 4, '2020-09-25 16:43:58', '2020-09-25 16:43:58'),
(45, 'porro', 'Voluptate est officiis id voluptate. Totam doloremque vel sit id nam. Quis impedit animi tenetur qui.', 228, 5, 25, '2020-09-25 16:43:58', '2020-09-25 16:43:58'),
(46, 'neque', 'Voluptas cupiditate occaecati sint amet veritatis. Et qui omnis quo vel consequatur velit qui vel. Maxime eum error architecto quos asperiores dolorem amet.', 347, 1, 5, '2020-09-25 16:43:58', '2020-09-25 16:43:58'),
(47, 'quia', 'Quasi saepe velit voluptas sed. Molestiae nostrum et praesentium distinctio minus quisquam qui. Sit pariatur officiis sunt harum.', 173, 7, 28, '2020-09-25 16:43:58', '2020-09-25 16:43:58'),
(48, 'voluptatem', 'Voluptatum quia officiis quisquam. Soluta qui dolores porro exercitationem dolorem ut. Voluptas earum sed ea sint optio molestiae veritatis ea. Rem quasi mollitia ipsam sit et quis qui.', 992, 9, 4, '2020-09-25 16:43:58', '2020-09-25 16:43:58'),
(49, 'consequatur', 'Ea sed autem ut dolorem. Doloribus ab quia sed. Quis natus tempore tempore ut dolor ex odit molestiae. Et at impedit dicta quibusdam. Sunt aut incidunt modi ratione exercitationem vel et id.', 503, 1, 5, '2020-09-25 16:43:58', '2020-09-25 16:43:58'),
(50, 'facilis', 'Facilis officiis debitis molestiae dignissimos vero suscipit sunt. Sunt deserunt praesentium autem enim dolorem ratione perferendis. Molestias adipisci omnis beatae illo doloribus.', 714, 4, 6, '2020-09-25 16:43:58', '2020-09-25 16:43:58');

-- --------------------------------------------------------

--
-- Table structure for table `reviews`
--

CREATE TABLE `reviews` (
  `id` bigint(20) UNSIGNED NOT NULL,
  `product_id` int(10) UNSIGNED NOT NULL,
  `customer_name` varchar(255) COLLATE utf8mb4_unicode_ci NOT NULL,
  `review` text COLLATE utf8mb4_unicode_ci NOT NULL,
  `star` int(11) NOT NULL,
  `created_at` timestamp NULL DEFAULT NULL,
  `updated_at` timestamp NULL DEFAULT NULL
) ENGINE=InnoDB DEFAULT CHARSET=utf8mb4 COLLATE=utf8mb4_unicode_ci;

--
-- Dumping data for table `reviews`
--

INSERT INTO `reviews` (`id`, `product_id`, `customer_name`, `review`, `star`, `created_at`, `updated_at`) VALUES
(1, 20, 'Prof. Francisca Herman', 'Illum qui laudantium adipisci rerum. Laboriosam sed voluptates ad ad eaque. Optio iure cumque natus nulla beatae. Autem ut esse eos ut debitis sunt consequuntur.', 2, '2020-09-25 16:43:58', '2020-09-25 16:43:58'),
(2, 35, 'Prof. Geovanni Kohler', 'Eius nam sit commodi dolor. Quia consequuntur voluptatem veritatis ullam minus. Asperiores dicta consequatur quia id et.', 1, '2020-09-25 16:43:59', '2020-09-25 16:43:59'),
(3, 26, 'Leora D\'Amore', 'Voluptatibus ea dicta est est unde necessitatibus ut. Officiis maxime possimus ipsam minima dicta repellat cum. Dolorem perferendis omnis repudiandae assumenda. Molestiae eum esse dolor quam aut suscipit aliquid.', 3, '2020-09-25 16:43:59', '2020-09-25 16:43:59'),
(4, 16, 'Salvatore Schroeder DVM', 'Porro omnis est et. Repellendus saepe adipisci velit labore est quaerat. Nihil cumque rerum est consequatur ipsam provident eius tempore.', 1, '2020-09-25 16:43:59', '2020-09-25 16:43:59'),
(5, 1, 'Florence Greenfelder', 'Aut at veritatis quia saepe aspernatur. Sit nihil est cumque quisquam expedita omnis vitae.', 3, '2020-09-25 16:43:59', '2020-09-25 16:43:59'),
(6, 26, 'Oleta Metz PhD', 'Aut necessitatibus sit sunt ea voluptas. Similique voluptatem tempora in ab. Repellat accusantium aut cupiditate odit voluptas iste.', 4, '2020-09-25 16:43:59', '2020-09-25 16:43:59'),
(7, 9, 'Otto Hermiston', 'Debitis qui inventore molestiae itaque. Laudantium libero aut et ratione dolores. Consequatur maxime laboriosam non quis ut nulla corporis. Non eum sunt voluptate dolores.', 2, '2020-09-25 16:43:59', '2020-09-25 16:43:59'),
(8, 25, 'Shannon Kovacek', 'Error ratione ut labore. Impedit corporis voluptas possimus maxime laudantium in iure consequatur. Est non quibusdam odio consectetur voluptas. A adipisci quia consequuntur.', 0, '2020-09-25 16:43:59', '2020-09-25 16:43:59'),
(9, 20, 'Mikayla Cummings', 'Asperiores cumque facilis eaque et voluptatibus eos quas. Debitis ut natus deleniti ipsa et fugit. Aut modi facere qui voluptatem quibusdam blanditiis aut. Voluptatem corrupti suscipit omnis consequatur blanditiis. Non magnam voluptas eius distinctio magnam quae animi.', 1, '2020-09-25 16:43:59', '2020-09-25 16:43:59'),
(10, 34, 'Alia Mann', 'Odio quasi rerum quasi recusandae. Sed accusamus ut quia sed deleniti et dolores. Eligendi aut voluptatem provident qui tempore nemo eos. Et nesciunt dolorum dolorum tenetur.', 3, '2020-09-25 16:43:59', '2020-09-25 16:43:59'),
(11, 25, 'Mr. Josh Schiller', 'Quia placeat eum dolore qui. Aspernatur est ipsa beatae repellat iste commodi.', 5, '2020-09-25 16:43:59', '2020-09-25 16:43:59'),
(12, 4, 'Alexandrea Rogahn', 'Ut illo nihil alias ipsa accusamus ad culpa quod. Quia numquam fugiat in culpa voluptas velit sapiente. Numquam odio modi qui inventore cupiditate ducimus. Et ut totam sed odio pariatur velit ea.', 2, '2020-09-25 16:43:59', '2020-09-25 16:43:59'),
(13, 48, 'Cleo Prosacco', 'Nihil voluptatem dolores quo tempore quod facere suscipit deserunt. Rerum nam et possimus. Ut enim nemo ipsam accusantium aut.', 2, '2020-09-25 16:43:59', '2020-09-25 16:43:59'),
(14, 44, 'Hulda Walter', 'Voluptas porro nesciunt eaque non delectus et. Sit molestias qui modi facere sunt placeat iste quidem. Hic aut debitis id. Quis accusantium unde perferendis consectetur accusamus alias eveniet.', 4, '2020-09-25 16:43:59', '2020-09-25 16:43:59'),
(15, 42, 'Torrey Thompson', 'Aliquid natus et dolores id molestiae blanditiis. Distinctio corrupti ut velit voluptas quidem aut non. Corrupti fugiat harum provident fugiat. Rerum rem nostrum ex omnis a necessitatibus.', 4, '2020-09-25 16:43:59', '2020-09-25 16:43:59'),
(16, 22, 'Mrs. Reba Effertz', 'Ad dolor doloribus in dolor delectus. Et autem ut veniam numquam vel soluta ipsa vitae. Ut iusto voluptatem sequi ipsam recusandae.', 5, '2020-09-25 16:43:59', '2020-09-25 16:43:59'),
(17, 39, 'Mrs. Margarett Block', 'Omnis debitis asperiores perspiciatis dolorem voluptatem vel. Corrupti ea iusto veniam et ducimus ut officiis.', 1, '2020-09-25 16:43:59', '2020-09-25 16:43:59'),
(18, 32, 'Dr. Shane Ullrich Jr.', 'Excepturi unde nobis tempora quidem at ullam. Alias aliquid quae distinctio non enim alias. Nesciunt ut rem consequatur autem. Esse corporis saepe soluta tempore ut sed aliquam.', 5, '2020-09-25 16:43:59', '2020-09-25 16:43:59'),
(19, 50, 'Julia Lindgren', 'Labore dolore quidem accusamus et. Nobis itaque nemo voluptatem unde facere nihil. Magni et fugit minus ex mollitia facere nulla. Sed exercitationem modi dolor quasi voluptas sunt tempora.', 5, '2020-09-25 16:43:59', '2020-09-25 16:43:59'),
(20, 41, 'Cordia O\'Conner', 'Aut est molestiae vel pariatur aut. Est officiis voluptatem nesciunt vel similique. Nam est consequatur omnis tenetur sint nulla. Laborum nulla sequi non ratione aut. Laborum laudantium dolore eaque rerum non perspiciatis nobis.', 0, '2020-09-25 16:43:59', '2020-09-25 16:43:59'),
(21, 20, 'Pansy Carter Sr.', 'Laboriosam facere error in est quos aut. Voluptatem omnis quod sapiente consequuntur mollitia doloremque autem. Ipsam ut repellendus voluptas nihil vel perspiciatis.', 5, '2020-09-25 16:43:59', '2020-09-25 16:43:59'),
(22, 40, 'Kailee Conn', 'Eveniet impedit non voluptatem ea repellendus ipsum voluptatem nobis. Ut qui a ducimus sapiente debitis eos. Culpa aut iure enim et error suscipit suscipit. Dolore amet odio necessitatibus accusantium omnis et.', 5, '2020-09-25 16:43:59', '2020-09-25 16:43:59'),
(23, 29, 'Gudrun VonRueden', 'Quis sint a voluptatum totam saepe. Molestiae quis consequatur explicabo quia et.', 4, '2020-09-25 16:43:59', '2020-09-25 16:43:59'),
(24, 7, 'Prof. Cali Rohan PhD', 'Sequi et similique quia quia. Quod non error perspiciatis cupiditate doloremque et.', 1, '2020-09-25 16:43:59', '2020-09-25 16:43:59'),
(25, 34, 'Ms. Emie Deckow', 'Sunt numquam est cum officia. Mollitia error vel aspernatur. Aperiam necessitatibus harum et id quia nesciunt.', 1, '2020-09-25 16:43:59', '2020-09-25 16:43:59'),
(26, 11, 'Jeremy Runte', 'Voluptatem reprehenderit et atque similique est. Est delectus illum earum architecto autem unde aliquam qui. Officia iusto rerum suscipit ut occaecati. Aliquid harum aspernatur labore reprehenderit at.', 2, '2020-09-25 16:43:59', '2020-09-25 16:43:59'),
(27, 8, 'Trace Fritsch', 'Ut eos voluptatum id sapiente modi pariatur ducimus. Ipsam aut qui dolorem quasi iure quia. Et rerum beatae eveniet earum.', 1, '2020-09-25 16:43:59', '2020-09-25 16:43:59'),
(28, 9, 'Jasper Keeling', 'A laborum aut tempore saepe voluptates. Eligendi accusantium quod asperiores. Hic velit ipsam odit hic.', 0, '2020-09-25 16:43:59', '2020-09-25 16:43:59'),
(29, 6, 'Prof. Joannie Connelly Sr.', 'Earum sunt impedit quasi libero molestias et. Quidem tempore voluptates et dolor sint eius non. Aspernatur sed et error quidem sit qui.', 1, '2020-09-25 16:43:59', '2020-09-25 16:43:59'),
(30, 47, 'Dr. Cornell O\'Conner PhD', 'Id dignissimos facere quibusdam repudiandae dolores nesciunt. Fugit eos eius ut consequatur labore et laudantium non. Et quo corporis ipsum velit fuga ipsa iure.', 2, '2020-09-25 16:43:59', '2020-09-25 16:43:59'),
(31, 33, 'Prof. Kenny Lakin', 'Dolores sint ex dolores aut magni corrupti. Eius magni incidunt est expedita non voluptatem vel quis.', 4, '2020-09-25 16:44:00', '2020-09-25 16:44:00'),
(32, 18, 'Margret Terry', 'Dolores ut velit exercitationem perferendis quis. Consequatur id enim eum quas. Ut eligendi et quidem.', 3, '2020-09-25 16:44:00', '2020-09-25 16:44:00'),
(33, 50, 'Sage Steuber', 'Laborum voluptas temporibus pariatur cumque sint id est ut. Sequi fugiat corporis inventore recusandae fugiat quia id.', 0, '2020-09-25 16:44:00', '2020-09-25 16:44:00'),
(34, 40, 'Amina Price I', 'Dignissimos consequatur molestiae illum quo laborum placeat. Explicabo provident officia eum quos dignissimos iure aut. Dicta vel qui sed consequuntur.', 0, '2020-09-25 16:44:00', '2020-09-25 16:44:00'),
(35, 45, 'Chanelle Hickle', 'Est modi et non sapiente ea. Vel laborum laudantium ut quibusdam dolorum cupiditate veniam ullam. Esse deserunt dignissimos est numquam quis consequatur cum explicabo.', 3, '2020-09-25 16:44:00', '2020-09-25 16:44:00'),
(36, 44, 'Dr. Ulices Smith PhD', 'Magnam ut ut reprehenderit quia adipisci. Adipisci velit fuga quisquam voluptatem rerum autem et et. Eaque vero fugit officia asperiores dolorum hic velit. Ut nisi incidunt asperiores amet autem.', 0, '2020-09-25 16:44:00', '2020-09-25 16:44:00'),
(37, 23, 'Tristin Smitham', 'Quasi repellat veniam saepe nam. Natus hic blanditiis temporibus autem illo earum. Perferendis enim dolor ad aut.', 3, '2020-09-25 16:44:00', '2020-09-25 16:44:00'),
(38, 48, 'Ari Volkman', 'Accusamus adipisci quae iusto consequuntur. Rerum quas et sit quasi ratione voluptas. Voluptatem ipsam et ex voluptas incidunt facere aut et.', 4, '2020-09-25 16:44:00', '2020-09-25 16:44:00'),
(39, 16, 'Ms. Marisa Sawayn PhD', 'Soluta facilis libero dolores blanditiis a amet. Voluptatem dolorem praesentium maiores voluptas. Quo quo doloribus magnam modi quam.', 0, '2020-09-25 16:44:00', '2020-09-25 16:44:00'),
(40, 43, 'Ines O\'Reilly', 'Adipisci quia dolorem vel officia non. Impedit ea impedit ducimus voluptatum itaque quod.', 0, '2020-09-25 16:44:00', '2020-09-25 16:44:00'),
(41, 24, 'Mrs. Viviane Schowalter', 'Dolor suscipit aliquid similique sunt. Ea nesciunt occaecati id voluptas omnis. Dolores voluptate necessitatibus sit eos totam.', 1, '2020-09-25 16:44:00', '2020-09-25 16:44:00'),
(42, 34, 'Ms. Larissa Gaylord I', 'Doloribus consectetur illum temporibus. Id rerum dolorem consectetur aut quia. Rerum voluptas velit voluptatem ullam quis suscipit. Consequatur officiis reprehenderit quam delectus.', 3, '2020-09-25 16:44:00', '2020-09-25 16:44:00'),
(43, 49, 'Mr. Elliott Goyette PhD', 'Autem repudiandae ab aut at est id. Deserunt eum provident similique cum hic soluta. Quis expedita molestiae occaecati ipsum in. Dolor veniam rem qui.', 3, '2020-09-25 16:44:00', '2020-09-25 16:44:00'),
(44, 35, 'Prof. Sylvan Botsford', 'Eos aut quo reprehenderit tempora quia veniam aut. Nisi nihil eaque libero placeat adipisci qui et. Deleniti aut consectetur nihil repellat qui cumque.', 0, '2020-09-25 16:44:00', '2020-09-25 16:44:00'),
(45, 38, 'Marcelle O\'Hara', 'Officia est accusantium neque sapiente et. Consequatur quis qui dolor animi rerum blanditiis et eum. Saepe recusandae dolor quis. Enim necessitatibus eius dolor similique ut qui iste similique. Et quaerat illum esse nihil voluptas aspernatur et.', 5, '2020-09-25 16:44:00', '2020-09-25 16:44:00'),
(46, 32, 'Meta Johnson', 'Molestias sapiente et commodi omnis. Dolores aliquam dolore consequatur placeat rerum. Ut ut ratione vitae ipsa quod.', 4, '2020-09-25 16:44:00', '2020-09-25 16:44:00'),
(47, 29, 'Miss Marta McDermott', 'Ut quibusdam omnis id quis. Sequi at nobis aperiam officiis et necessitatibus neque odit. Quia aut doloremque hic dolores. Veniam autem officiis aut aspernatur mollitia impedit rerum.', 4, '2020-09-25 16:44:00', '2020-09-25 16:44:00'),
(48, 46, 'Francisco Weimann IV', 'Et aperiam ullam recusandae iure. Veniam repudiandae est dolores. Voluptatem quibusdam nam vel nulla sint et. Placeat hic iste exercitationem aut.', 2, '2020-09-25 16:44:00', '2020-09-25 16:44:00'),
(49, 31, 'Dr. Vickie Zboncak', 'Sit eius quam aut quas est. Corporis pariatur dolore aut tenetur incidunt excepturi illum. Labore inventore mollitia et quia.', 1, '2020-09-25 16:44:00', '2020-09-25 16:44:00'),
(50, 35, 'Prudence Ondricka', 'Minus non aut enim consequatur laborum repellat in. Sunt aliquid sint iste quia. Necessitatibus deleniti nostrum deserunt. Eum veritatis deserunt ea consequatur.', 4, '2020-09-25 16:44:00', '2020-09-25 16:44:00'),
(51, 31, 'Aurore Lind', 'Accusantium sunt officiis harum eligendi quod esse repudiandae. Ut non perspiciatis beatae vel cum. Dignissimos est similique officia assumenda maxime. Neque velit ullam praesentium molestiae ratione.', 4, '2020-09-25 16:44:00', '2020-09-25 16:44:00'),
(52, 44, 'Mikayla Treutel V', 'Nulla vero excepturi qui illum quaerat mollitia aspernatur. Rerum repellendus nesciunt porro qui voluptatum ut. Voluptatem est voluptas omnis laboriosam beatae ducimus.', 3, '2020-09-25 16:44:00', '2020-09-25 16:44:00'),
(53, 16, 'Mariano Cummings', 'Optio pariatur necessitatibus atque et mollitia ut est. Ea nam soluta molestiae dicta rem accusamus suscipit. Et quia quam voluptatem optio inventore qui. Libero exercitationem fugiat eum.', 0, '2020-09-25 16:44:00', '2020-09-25 16:44:00'),
(54, 23, 'Napoleon Schroeder', 'Commodi libero excepturi deleniti accusantium explicabo pariatur et atque. Facere non voluptatem consequatur. Non perferendis numquam magni sit. Voluptas in qui perspiciatis facere. Repudiandae aut tempora possimus.', 4, '2020-09-25 16:44:00', '2020-09-25 16:44:00'),
(55, 15, 'Dr. Sam Paucek', 'Harum suscipit culpa in maxime deserunt dolore veritatis. Iusto ut in molestiae aut eius reiciendis. Sed sapiente vero id ut et quaerat. Qui nam iure eos in quo doloribus et.', 5, '2020-09-25 16:44:00', '2020-09-25 16:44:00'),
(56, 40, 'Gerry Boehm PhD', 'Veniam maxime delectus dolorem voluptas consectetur. Ducimus dolorum modi saepe sapiente ut aut. Modi sunt labore et et ut est soluta eius. Non saepe neque a delectus sequi et.', 3, '2020-09-25 16:44:00', '2020-09-25 16:44:00'),
(57, 48, 'Devon Aufderhar', 'Non aliquid odio eaque nemo amet deleniti reprehenderit. Reiciendis sit qui est unde qui placeat. Eos rerum unde eaque neque magnam id sint ea. Nesciunt rem distinctio dolorem consequatur sit saepe magni.', 1, '2020-09-25 16:44:00', '2020-09-25 16:44:00'),
(58, 23, 'Alycia Kilback', 'Ipsa facere aut aut. Quidem doloremque dolorum minus nesciunt sit consequatur. Laboriosam aliquid modi minus quia. Cum maxime debitis ut dignissimos ut et distinctio.', 4, '2020-09-25 16:44:00', '2020-09-25 16:44:00'),
(59, 21, 'Kaylah Daugherty DDS', 'Et iusto velit et. Ducimus molestiae est provident ad sed. Rerum at natus et iusto veritatis iusto quam. Id perferendis voluptas quas voluptatem saepe et dignissimos.', 2, '2020-09-25 16:44:00', '2020-09-25 16:44:00'),
(60, 4, 'Maximillian Gleichner', 'Dolores sit ut odio quas dolor id laudantium soluta. Cupiditate enim tenetur nihil explicabo animi id libero reiciendis. Sunt distinctio laboriosam rerum sunt.', 3, '2020-09-25 16:44:00', '2020-09-25 16:44:00'),
(61, 32, 'Hugh Heaney', 'Quia corporis quidem aut quis ad. Ducimus aut quam perspiciatis blanditiis veritatis molestiae ex. Mollitia laborum consequatur eos nam omnis. Iste error consectetur nihil molestiae voluptatem. Accusamus alias qui perferendis perspiciatis id sapiente.', 4, '2020-09-25 16:44:00', '2020-09-25 16:44:00'),
(62, 50, 'Gay Osinski', 'Iusto eos pariatur et quia aut delectus. Numquam sunt qui exercitationem tenetur et error. Inventore ipsam explicabo doloribus nisi ut. Laborum recusandae fuga eligendi minima qui dicta vero.', 5, '2020-09-25 16:44:00', '2020-09-25 16:44:00'),
(63, 9, 'Ms. Ava Senger DDS', 'Est explicabo necessitatibus asperiores vel officiis voluptas. Atque id incidunt ad eos natus blanditiis non. Optio et quisquam voluptatem dolor ut. Vitae repellendus sed quibusdam illum. Animi commodi sed blanditiis quis sunt totam a.', 2, '2020-09-25 16:44:00', '2020-09-25 16:44:00'),
(64, 28, 'Roman Kunze', 'Cumque aut vel molestiae quia ut quibusdam voluptatem. Officia veniam sit minima et pariatur illum.', 4, '2020-09-25 16:44:01', '2020-09-25 16:44:01'),
(65, 27, 'Iva Dietrich', 'Ipsa ut eum odit delectus aut omnis. Ea voluptas explicabo perferendis cum incidunt iure. Quaerat ipsa voluptas neque temporibus.', 4, '2020-09-25 16:44:01', '2020-09-25 16:44:01'),
(66, 22, 'Randal Schaefer', 'Voluptas ea minima asperiores iure ipsa porro beatae accusantium. Dolorem eos aut odit rerum accusamus. Maxime voluptatem qui soluta. Recusandae soluta ea repellat cum at inventore.', 0, '2020-09-25 16:44:01', '2020-09-25 16:44:01'),
(67, 46, 'Tressa Brakus', 'Est iure non repudiandae velit. Veniam nulla et repellendus reprehenderit cupiditate consequuntur. Veritatis fuga necessitatibus laudantium. Aut voluptates id dolorem quam.', 5, '2020-09-25 16:44:01', '2020-09-25 16:44:01'),
(68, 28, 'Ofelia Armstrong II', 'Similique sit aperiam assumenda at minima. Qui repellendus et saepe pariatur itaque. Voluptatem placeat aut quod voluptas amet dignissimos architecto optio.', 1, '2020-09-25 16:44:01', '2020-09-25 16:44:01'),
(69, 38, 'Mrs. Aylin Hessel', 'Id quia ut accusamus fuga nemo. Sint consequatur consequuntur natus deleniti quo qui consectetur nesciunt. Minus quo deserunt ullam repellendus molestiae eligendi aut.', 0, '2020-09-25 16:44:01', '2020-09-25 16:44:01'),
(70, 42, 'Prof. Rhea Schuster', 'Quidem sed facere neque fugiat est atque. Consectetur accusantium perferendis voluptatem aut autem qui. Itaque vero illo iste necessitatibus. Aut atque porro tenetur omnis ipsa.', 0, '2020-09-25 16:44:01', '2020-09-25 16:44:01'),
(71, 31, 'Brenna Collier', 'Inventore excepturi similique aliquam voluptatem repellendus ut animi. Et asperiores cumque debitis.', 2, '2020-09-25 16:44:01', '2020-09-25 16:44:01'),
(72, 33, 'Kenneth Mills', 'Dolor assumenda sequi quia fugiat sit voluptas. Laborum nam repellat corporis vitae ut. Blanditiis voluptatem sint est expedita in.', 0, '2020-09-25 16:44:01', '2020-09-25 16:44:01'),
(73, 37, 'Dr. Kaylee VonRueden V', 'Qui voluptates voluptatem ullam cumque corporis recusandae. Ipsum voluptas minus recusandae est magnam maxime eius. Expedita fugit velit beatae eos saepe adipisci.', 4, '2020-09-25 16:44:01', '2020-09-25 16:44:01'),
(74, 32, 'Cesar Jaskolski', 'Dolorum sint dolorum earum quae aut vel aspernatur. Quis odio ut vel autem eos. Reprehenderit voluptatibus officia quidem aliquid.', 1, '2020-09-25 16:44:01', '2020-09-25 16:44:01'),
(75, 7, 'Dr. Gunner Anderson III', 'Recusandae magnam aperiam dicta earum vel. Facilis ullam vel reiciendis est voluptatibus quis ut. Iusto commodi dolore magni nisi. Neque quam vitae ipsam.', 4, '2020-09-25 16:44:01', '2020-09-25 16:44:01'),
(76, 40, 'Lydia Adams', 'A et est odio omnis qui quasi qui eum. Molestiae non excepturi harum maiores. Reiciendis explicabo quisquam et quas corporis repudiandae. Impedit quam voluptas cupiditate dicta repellendus laboriosam animi.', 2, '2020-09-25 16:44:01', '2020-09-25 16:44:01'),
(77, 9, 'Peggie Wintheiser', 'Iste alias quia eum perferendis sit in quibusdam. Rerum odit nihil sit provident. Porro est quia alias officiis reiciendis cum. Quod recusandae nemo repudiandae.', 5, '2020-09-25 16:44:01', '2020-09-25 16:44:01'),
(78, 8, 'Cedrick Keebler I', 'Sapiente quae iusto est rem. Et dolores officiis nemo placeat facilis dolor. Error eos omnis iusto aut non.', 0, '2020-09-25 16:44:01', '2020-09-25 16:44:01'),
(79, 43, 'Celia Green', 'Officia iste sit et ipsum explicabo quis. Voluptas dolorum molestiae quam eveniet qui. Rerum blanditiis libero odit voluptatibus. Eos animi laboriosam qui sapiente.', 2, '2020-09-25 16:44:01', '2020-09-25 16:44:01'),
(80, 21, 'Ms. Luella Ullrich I', 'Est et eveniet dolores et repudiandae repudiandae sit. Recusandae est ut in qui sed sit et. Accusantium error voluptate eos blanditiis molestiae sed.', 5, '2020-09-25 16:44:01', '2020-09-25 16:44:01'),
(81, 46, 'Jaqueline Ondricka', 'Repellendus et dolorem fugiat. Dolorem reiciendis hic velit perspiciatis ut in quibusdam. Et possimus quisquam quis iusto. Hic qui non amet non voluptatem fugit sed.', 3, '2020-09-25 16:44:01', '2020-09-25 16:44:01'),
(82, 41, 'Reymundo Monahan', 'Quidem aut dolorem praesentium. Sunt voluptas quam aut delectus quia laboriosam. Hic nisi veniam architecto nostrum. Et a blanditiis est amet.', 3, '2020-09-25 16:44:01', '2020-09-25 16:44:01'),
(83, 44, 'Dr. Michael Buckridge', 'Illum nemo harum doloremque. Voluptatum eum voluptas consectetur quia aut quo maxime. Ut rerum corrupti velit rerum et. Nisi quasi atque nesciunt perferendis temporibus velit rerum dolor.', 3, '2020-09-25 16:44:01', '2020-09-25 16:44:01'),
(84, 22, 'Dr. Steve Lemke DDS', 'Reiciendis eos voluptatem architecto totam labore. Totam ea alias non repellat. Facere ut magni et consequatur.', 2, '2020-09-25 16:44:01', '2020-09-25 16:44:01'),
(85, 3, 'Ottis Rice', 'Et pariatur placeat expedita et maxime nobis qui libero. A dolore ut labore debitis. Vel non vel qui quos sit. Et expedita reiciendis nihil et porro velit minus animi.', 2, '2020-09-25 16:44:01', '2020-09-25 16:44:01'),
(86, 7, 'Penelope Pfeffer', 'Molestiae harum omnis perferendis est dicta autem aut quia. Tempore eum at molestias magnam repellat amet voluptatibus. Non et sed enim non reiciendis perferendis.', 2, '2020-09-25 16:44:01', '2020-09-25 16:44:01'),
(87, 42, 'Joan Crooks', 'Ut non eius possimus et laboriosam. Ea et quia atque perferendis voluptatibus quo eius. Et enim ut sunt. Non commodi libero qui et fugiat.', 4, '2020-09-25 16:44:01', '2020-09-25 16:44:01'),
(88, 16, 'Mr. Brock Koss PhD', 'Corrupti voluptatem autem similique ullam quo. Rem dolores voluptatum libero dolorem. Iste autem vel corporis non ducimus. Aut consequatur exercitationem eligendi necessitatibus placeat tempore.', 4, '2020-09-25 16:44:01', '2020-09-25 16:44:01'),
(89, 9, 'Jared Robel V', 'Et eum voluptas accusantium maiores. Non voluptatem asperiores dicta dolorem possimus quia eaque. Illum quasi temporibus quia est in. Aspernatur placeat qui porro est corrupti.', 2, '2020-09-25 16:44:01', '2020-09-25 16:44:01'),
(90, 3, 'Javonte Moore', 'Blanditiis non et similique assumenda quos autem. Quis debitis perspiciatis voluptas natus facere. A dolore vel accusantium eos rerum ullam omnis. Mollitia facere et voluptatibus nihil aut.', 3, '2020-09-25 16:44:01', '2020-09-25 16:44:01'),
(91, 21, 'Marcelina Walsh', 'Aspernatur distinctio unde culpa esse sed. Reiciendis sed minus in quis nisi et. Odio aut et ut culpa vero ad deleniti.', 2, '2020-09-25 16:44:01', '2020-09-25 16:44:01'),
(92, 44, 'Prof. Fern Harvey', 'Ab atque non hic temporibus sunt quia ut. Ipsam omnis nisi consequatur itaque odit quia. Qui ut suscipit doloremque nihil numquam velit sunt.', 3, '2020-09-25 16:44:01', '2020-09-25 16:44:01'),
(93, 47, 'Prof. Gerhard Feil II', 'Eius amet ea itaque corrupti. Distinctio tenetur exercitationem eaque in illo. Voluptatem eveniet molestiae quasi possimus ut natus. Natus repudiandae maxime doloremque necessitatibus ut voluptas provident nisi.', 2, '2020-09-25 16:44:01', '2020-09-25 16:44:01'),
(94, 45, 'Marc Cole Jr.', 'Vitae temporibus voluptas voluptas odit fugit. Vero sunt debitis quia. Praesentium ad est maiores magnam vel minus.', 4, '2020-09-25 16:44:01', '2020-09-25 16:44:01'),
(95, 37, 'Shanel Huels', 'Ut aut dolor tempora blanditiis voluptate dolor. Beatae ut voluptas et aut possimus. Enim dolores voluptatum quo voluptate ipsam. Quos porro sit dolorum rerum ullam.', 3, '2020-09-25 16:44:01', '2020-09-25 16:44:01'),
(96, 15, 'Emily Wisoky', 'Dolorem et omnis iusto facere dolorem dolore. Et porro assumenda dolorem culpa voluptatem fugit voluptatibus. Est minus velit ut at omnis vel et. Exercitationem eum aut voluptas.', 0, '2020-09-25 16:44:02', '2020-09-25 16:44:02'),
(97, 5, 'Mrs. Sydni Hudson', 'Deleniti sed iusto dolorem repellendus animi. Facilis cupiditate nihil quia non fugit. Esse quia placeat animi.', 3, '2020-09-25 16:44:02', '2020-09-25 16:44:02'),
(98, 46, 'Dominique Marquardt', 'Ut aut soluta perferendis tenetur. Ratione aliquid repellat placeat amet. Voluptatum voluptatem odio dolorem corporis saepe. Consectetur cum sint fuga laudantium vitae nihil.', 0, '2020-09-25 16:44:02', '2020-09-25 16:44:02'),
(99, 15, 'Joyce Douglas V', 'Cumque excepturi qui harum sed explicabo id velit. Harum aut aut facilis eos. Est deserunt nobis modi sunt.', 1, '2020-09-25 16:44:02', '2020-09-25 16:44:02'),
(100, 12, 'Ms. Autumn Doyle', 'A itaque est eveniet exercitationem qui. Voluptatum sapiente totam dicta earum alias. Blanditiis dolore voluptatibus rerum consequatur minima quos quos.', 2, '2020-09-25 16:44:02', '2020-09-25 16:44:02'),
(101, 24, 'Ariel West IV', 'Atque aut eligendi quo beatae similique. In adipisci eos adipisci atque voluptatem laudantium deleniti. Voluptas omnis quisquam et ut optio distinctio. Sequi recusandae sint velit ut repudiandae.', 0, '2020-09-25 16:44:02', '2020-09-25 16:44:02'),
(102, 16, 'Ms. Jaclyn Cronin', 'Magni ullam asperiores repudiandae aliquid at fugit. Ut praesentium aut consequatur fugit maxime nostrum. Porro quaerat autem itaque odio ipsum quos eaque.', 1, '2020-09-25 16:44:02', '2020-09-25 16:44:02'),
(103, 45, 'Lue Hermann IV', 'Sed nam est architecto labore magni enim est. Deleniti voluptatem fugit et quia ipsam. Deleniti dicta ut et aperiam modi dolor.', 3, '2020-09-25 16:44:02', '2020-09-25 16:44:02'),
(104, 43, 'Prof. Caden Altenwerth', 'Blanditiis molestiae ratione veniam magnam nam. Quod voluptas quia repellat consequuntur. Accusantium sequi beatae architecto officiis qui.', 1, '2020-09-25 16:44:02', '2020-09-25 16:44:02'),
(105, 34, 'Prof. Kylee Schneider MD', 'Sit accusantium quas aut voluptatem quo perspiciatis velit. Explicabo et nostrum error dolor natus nihil nihil impedit. Ducimus assumenda ipsa reiciendis iste sint. Occaecati saepe quasi officia iusto hic.', 3, '2020-09-25 16:44:02', '2020-09-25 16:44:02'),
(106, 36, 'Prof. Lucy Abshire', 'Dignissimos similique dolorem mollitia consequatur qui adipisci. Corporis quos commodi eveniet doloribus nisi. Qui dolorem ut nostrum laudantium velit odit quis.', 0, '2020-09-25 16:44:02', '2020-09-25 16:44:02'),
(107, 26, 'Prof. Luther Runte', 'Aut eius tempore distinctio alias modi provident iste. Sunt quis vitae quia distinctio ipsum totam aperiam.', 5, '2020-09-25 16:44:02', '2020-09-25 16:44:02'),
(108, 10, 'Modesto Bednar', 'Id saepe aspernatur consequatur consequatur. Nostrum inventore facilis est nihil repellendus.', 5, '2020-09-25 16:44:02', '2020-09-25 16:44:02'),
(109, 5, 'Amir Jacobs', 'Qui repudiandae soluta ipsam incidunt deleniti vitae vitae. Perferendis nesciunt atque est quam. Ex rerum rerum consectetur. Distinctio aut sed qui enim animi a maxime.', 1, '2020-09-25 16:44:02', '2020-09-25 16:44:02'),
(110, 13, 'Stanton Botsford', 'Perspiciatis inventore nemo nesciunt tempore aut illo et veniam. Deserunt voluptas sunt quisquam minima consequatur. Ut totam a minima. Vero odio consequatur recusandae nihil. Labore facere modi possimus quo aliquam voluptatem id.', 0, '2020-09-25 16:44:02', '2020-09-25 16:44:02'),
(111, 15, 'Ms. Emelie Pouros', 'Et qui nemo architecto harum. Quidem iure earum reprehenderit qui sed quod. Consequatur quo aliquid ducimus aspernatur aperiam rerum.', 1, '2020-09-25 16:44:02', '2020-09-25 16:44:02'),
(112, 43, 'Leanne Reichert', 'Optio non architecto consectetur cum libero laboriosam. Est velit quos voluptas quia rerum aut corrupti. Impedit ab sint est qui quia quo. Voluptatem placeat quia in quia.', 2, '2020-09-25 16:44:02', '2020-09-25 16:44:02'),
(113, 7, 'Ms. Lori Corkery', 'Qui in voluptas laboriosam porro dolorem. Qui perspiciatis laudantium cumque porro eligendi.', 0, '2020-09-25 16:44:02', '2020-09-25 16:44:02'),
(114, 11, 'Angelina Jacobi III', 'Ducimus autem neque rerum dolor. Et voluptatem nihil illum voluptate ex voluptas exercitationem. Quae voluptates ea rerum incidunt reprehenderit. Rerum molestiae ut consectetur voluptatem.', 1, '2020-09-25 16:44:02', '2020-09-25 16:44:02'),
(115, 13, 'Brock Koepp', 'Optio quo voluptatem dolore distinctio. Et ullam esse veritatis nihil. Rerum tempore sequi id.', 4, '2020-09-25 16:44:02', '2020-09-25 16:44:02'),
(116, 10, 'Shanie Willms', 'Accusantium ea voluptatem labore mollitia eum tenetur voluptatem. Iusto pariatur est in omnis maiores nobis quo est. Voluptate cum ratione maxime itaque doloremque. Nulla minus omnis ratione velit voluptas omnis est quis.', 2, '2020-09-25 16:44:02', '2020-09-25 16:44:02'),
(117, 4, 'Miss Maeve Monahan III', 'Totam voluptatem quia in iste id provident quisquam. Aspernatur maxime voluptatum accusamus. Aliquid et veniam excepturi et. Et eaque reiciendis aperiam sapiente aliquid qui quibusdam.', 1, '2020-09-25 16:44:02', '2020-09-25 16:44:02'),
(118, 37, 'Amely Carroll', 'Ut aspernatur animi velit qui. Reprehenderit id quos cupiditate velit porro suscipit aut quis. Occaecati inventore veritatis quo autem quia perferendis animi veritatis. Qui alias voluptatem voluptatem quidem itaque sed.', 3, '2020-09-25 16:44:02', '2020-09-25 16:44:02'),
(119, 22, 'Dr. Ayla Franecki III', 'Esse necessitatibus recusandae perferendis explicabo itaque atque dolorum optio. In id expedita est est. Officia nam aut eligendi quae tempore nobis ut. Eius est et dolorem sed dolorem quae.', 0, '2020-09-25 16:44:02', '2020-09-25 16:44:02'),
(120, 43, 'Mrs. Adela Marquardt', 'Sapiente dolor aut incidunt in adipisci architecto et. Maxime modi quod eos amet ea beatae. Officiis amet est ullam illum. Voluptatem dicta quia est accusantium reprehenderit pariatur.', 3, '2020-09-25 16:44:02', '2020-09-25 16:44:02'),
(121, 33, 'Asa Graham III', 'Repellendus qui nisi hic. Consequatur tempore quam consequatur aut blanditiis vel repellat. Quis incidunt rem repudiandae.', 2, '2020-09-25 16:44:02', '2020-09-25 16:44:02'),
(122, 7, 'Prof. Fermin Walker', 'Enim inventore autem architecto ut consequatur voluptatibus. Rerum reiciendis aut in omnis quae exercitationem. Adipisci inventore rerum alias harum sapiente.', 0, '2020-09-25 16:44:02', '2020-09-25 16:44:02'),
(123, 29, 'Verda Schroeder II', 'Consequatur enim sit enim harum. Soluta a perspiciatis aut. Iste consequatur et nulla molestiae magnam quis quis alias. Voluptatum dolores laborum qui.', 0, '2020-09-25 16:44:02', '2020-09-25 16:44:02'),
(124, 26, 'Dr. Nicolas Littel', 'Dolor est placeat dolores dolores voluptate. Fugit cum omnis deserunt culpa. Voluptas dolorem dicta sed.', 4, '2020-09-25 16:44:03', '2020-09-25 16:44:03'),
(125, 32, 'Dr. Mario Kulas', 'Laborum incidunt quis assumenda eius cupiditate maiores in magnam. Repudiandae sequi dolorem a quae labore provident. Esse quos aut cupiditate veritatis tenetur unde. A possimus quibusdam autem eum earum aut.', 3, '2020-09-25 16:44:03', '2020-09-25 16:44:03'),
(126, 39, 'Ms. Hilda Williamson', 'Sed sit est sunt velit. Aperiam quos numquam recusandae iusto. Maiores est omnis placeat tempore quo.', 4, '2020-09-25 16:44:03', '2020-09-25 16:44:03'),
(127, 13, 'Lily McDermott', 'Impedit tempore quisquam at ut qui doloribus ut itaque. Est aut consectetur omnis officia iure voluptatibus. Adipisci tempora omnis ut esse cumque.', 4, '2020-09-25 16:44:03', '2020-09-25 16:44:03'),
(128, 43, 'Prof. Kenyon Wolff', 'Enim et autem rem rerum odio dolore nihil. Aut modi et sequi quaerat maiores. Voluptas cum odit eaque reprehenderit praesentium nihil et.', 5, '2020-09-25 16:44:03', '2020-09-25 16:44:03'),
(129, 7, 'Christy Schinner', 'Voluptas officiis alias aut eum modi fugiat id. Quia odit et ab veniam. Et quos dolores facere. Quis ut corrupti facere consequatur adipisci voluptas voluptas. Quibusdam nesciunt ipsa aliquam voluptas corporis eaque dolores dolor.', 4, '2020-09-25 16:44:03', '2020-09-25 16:44:03'),
(130, 21, 'Abdullah Doyle', 'Sapiente maiores dolor sapiente et voluptas ut totam minima. Cum nihil sint omnis commodi aut dignissimos mollitia. Quia ut qui consequatur laboriosam. Et optio minima dicta officia. Aut et placeat ut alias repellat possimus.', 4, '2020-09-25 16:44:03', '2020-09-25 16:44:03'),
(131, 40, 'Malika Gorczany', 'Atque in minima minus. Est optio vitae voluptatum ab. Nihil fuga consequatur est hic voluptates. Neque corporis odio blanditiis maiores eos rerum possimus. Soluta at qui sunt sunt.', 3, '2020-09-25 16:44:03', '2020-09-25 16:44:03'),
(132, 46, 'Mr. Triston Kunze', 'Soluta amet est doloremque iusto commodi. Nemo quod inventore quasi ut. Neque soluta velit ab est. Architecto deleniti est quo qui eveniet ullam odit.', 5, '2020-09-25 16:44:03', '2020-09-25 16:44:03'),
(133, 1, 'Prof. Missouri Kemmer', 'Aut maxime architecto ducimus libero ipsa natus libero. Dolor voluptates recusandae omnis doloremque est molestias omnis et. Explicabo enim quos quas. Facilis in cumque magni illum non eveniet.', 1, '2020-09-25 16:44:03', '2020-09-25 16:44:03'),
(134, 46, 'Prof. Luther Klein II', 'A quia repellat facere ipsa similique dolores ut. Velit eveniet dolores porro aut sit. Optio consectetur nostrum quisquam quia architecto.', 3, '2020-09-25 16:44:03', '2020-09-25 16:44:03'),
(135, 16, 'Dr. Kayla Schultz Sr.', 'Odio recusandae eveniet qui sunt et explicabo ut. Provident ad non omnis magnam sunt. Et libero perspiciatis aspernatur. Omnis sint voluptatem eaque minima et perspiciatis.', 3, '2020-09-25 16:44:03', '2020-09-25 16:44:03'),
(136, 19, 'Karson Rippin', 'Qui rem ipsa rerum et. Sit deserunt quia aspernatur ipsum debitis maiores. Ad quidem et sed minima ut consectetur.', 3, '2020-09-25 16:44:03', '2020-09-25 16:44:03'),
(137, 39, 'Miss Maurine Gleichner', 'Dicta atque nesciunt dolores eligendi sed. Nisi praesentium tempore provident deleniti perferendis esse. Facere odit odit expedita quaerat quos voluptatem placeat.', 2, '2020-09-25 16:44:03', '2020-09-25 16:44:03'),
(138, 37, 'Sonia Aufderhar', 'Iusto esse repellendus aut aliquam. Labore saepe hic quasi nisi distinctio voluptate.', 2, '2020-09-25 16:44:03', '2020-09-25 16:44:03'),
(139, 6, 'Prof. Trenton Beatty', 'Saepe maiores aspernatur in maxime. Sapiente est praesentium officiis et. Ut sint vitae velit voluptate repellendus.', 4, '2020-09-25 16:44:03', '2020-09-25 16:44:03'),
(140, 46, 'Summer Monahan III', 'Et dolorum quaerat sed molestiae praesentium. Quas praesentium dolores perferendis rerum ut. Incidunt aliquid alias cum voluptatum. Odio magnam ut saepe dolorem sed dolores aut.', 5, '2020-09-25 16:44:03', '2020-09-25 16:44:03'),
(141, 26, 'Prof. Theo Hackett', 'Reiciendis sint sed quod. Et tenetur asperiores vel suscipit dolor commodi.', 1, '2020-09-25 16:44:03', '2020-09-25 16:44:03'),
(142, 17, 'Prof. Hayden Legros', 'Deserunt quod itaque minima. Reiciendis pariatur deleniti velit qui. Eum facere occaecati provident ex dolore qui tenetur.', 1, '2020-09-25 16:44:03', '2020-09-25 16:44:03'),
(143, 23, 'Mr. Benny Stoltenberg Sr.', 'Non eos quasi voluptatum in odio aut. Accusamus accusantium vel est molestiae. Voluptatem occaecati voluptatem assumenda.', 4, '2020-09-25 16:44:03', '2020-09-25 16:44:03'),
(144, 43, 'Nick Murphy', 'Dolores quisquam sint et sit cum. Sit dolores illo ad praesentium. Est provident velit cumque quia necessitatibus. Enim repudiandae et reiciendis veritatis consequuntur natus.', 5, '2020-09-25 16:44:03', '2020-09-25 16:44:03'),
(145, 6, 'Dr. Mavis Corwin', 'Sed corporis quo sequi. Magni optio magnam maxime sint optio nisi laboriosam minima. Sed esse pariatur voluptas nulla temporibus qui.', 4, '2020-09-25 16:44:03', '2020-09-25 16:44:03'),
(146, 19, 'Miss Elda Champlin PhD', 'Et error quam dolore deleniti veritatis aut iste praesentium. Molestiae eligendi debitis aut repudiandae voluptates id ut quis. Nisi deleniti incidunt ex. Ipsam sapiente non debitis.', 0, '2020-09-25 16:44:03', '2020-09-25 16:44:03'),
(147, 39, 'Thaddeus Jacobi', 'Voluptas laborum ipsa consequatur. Praesentium eaque at eveniet rerum consequuntur quia. Qui corporis rem rerum dolorem qui. Accusantium adipisci officia ea tempore unde.', 0, '2020-09-25 16:44:03', '2020-09-25 16:44:03'),
(148, 21, 'Ms. Tierra Streich IV', 'Et illo mollitia sapiente qui eum. Et saepe maxime voluptas corporis rerum enim. Corrupti voluptates autem qui neque ad laboriosam tempore reiciendis. Fugit fugit repellendus eaque saepe.', 2, '2020-09-25 16:44:03', '2020-09-25 16:44:03'),
(149, 44, 'Mr. Victor Lakin', 'Et non eveniet aliquid impedit omnis. Sit et facilis doloribus sit eos corporis. Aut voluptatibus placeat odit voluptatem voluptatem id odit optio. Enim inventore ad omnis et.', 2, '2020-09-25 16:44:03', '2020-09-25 16:44:03'),
(150, 10, 'Clinton Bailey', 'Voluptatem distinctio et ratione illo aut optio. Nihil amet adipisci accusamus nihil consequuntur dolor. Ipsum sed unde provident sunt vel cupiditate recusandae quos.', 4, '2020-09-25 16:44:03', '2020-09-25 16:44:03'),
(151, 47, 'Leanna Anderson', 'Totam qui id consequatur non provident. Iusto voluptate illo nisi quas necessitatibus sunt. Qui et blanditiis id architecto aliquam totam consequatur aliquam. Ea non sunt temporibus eaque id mollitia.', 0, '2020-09-25 16:44:03', '2020-09-25 16:44:03'),
(152, 50, 'Chelsie Murray', 'Quasi sapiente iure consequatur rerum alias sed. Illo minima ut autem sed libero. Ut quia est ea libero quae possimus itaque maxime. Exercitationem rem est culpa voluptatem atque. Quis temporibus ratione molestias culpa.', 5, '2020-09-25 16:44:03', '2020-09-25 16:44:03'),
(153, 42, 'Adalberto Kessler V', 'Vel et qui reiciendis aut perferendis. Nesciunt aperiam impedit dolore officia corporis. Voluptatem magnam odio consequuntur et nulla harum. Ab veniam numquam amet eos saepe et quidem voluptas. Soluta et vitae quaerat.', 3, '2020-09-25 16:44:03', '2020-09-25 16:44:03'),
(154, 21, 'Miles Jacobson', 'Minus labore tempore aliquid voluptatum officiis doloribus est. Id repudiandae mollitia suscipit blanditiis eligendi accusamus rem. Qui atque totam consectetur veritatis.', 2, '2020-09-25 16:44:03', '2020-09-25 16:44:03'),
(155, 33, 'Ms. Nettie Senger', 'Omnis quia sint suscipit sint rerum. Sed officia blanditiis dolorem adipisci sit totam in. Omnis voluptatem repudiandae laudantium quis est.', 4, '2020-09-25 16:44:03', '2020-09-25 16:44:03'),
(156, 49, 'Prof. Miller Rutherford', 'Veritatis in rerum delectus est. Porro accusamus reprehenderit sed adipisci. Rem repudiandae molestias aut molestiae nihil accusantium ad et. Consequatur sed est animi quis est sed.', 0, '2020-09-25 16:44:03', '2020-09-25 16:44:03'),
(157, 17, 'Mrs. Ivy Reichert', 'Id dolore quia quia. Modi voluptas est beatae eveniet laborum distinctio vel blanditiis. Voluptatem quia dignissimos enim et. Aspernatur id cum repellat ullam fuga eum et itaque.', 0, '2020-09-25 16:44:03', '2020-09-25 16:44:03'),
(158, 10, 'Jo Koch', 'Adipisci ea repudiandae et incidunt. Enim ipsa autem omnis nulla nihil placeat minima. Earum voluptas sapiente adipisci.', 3, '2020-09-25 16:44:03', '2020-09-25 16:44:03'),
(159, 49, 'Josefa Emmerich V', 'Porro tempore vel voluptas perferendis assumenda ea. Tenetur non fugit ipsam deserunt. Hic animi earum alias numquam sit et autem voluptatibus.', 1, '2020-09-25 16:44:04', '2020-09-25 16:44:04'),
(160, 29, 'Laisha Durgan DVM', 'Molestias libero officiis eos veniam. Qui doloremque quis quia porro nostrum. Optio dolor impedit minima nostrum iure voluptas.', 5, '2020-09-25 16:44:04', '2020-09-25 16:44:04'),
(161, 11, 'Ms. Agnes Rogahn I', 'Corporis deleniti architecto sed. Odit voluptas quasi occaecati nisi molestiae sunt illo. Eum consequatur autem quia sit officia accusantium. Corporis accusantium temporibus enim esse maiores doloribus dolores. Iste aliquid veritatis explicabo recusandae alias quos voluptatem.', 5, '2020-09-25 16:44:04', '2020-09-25 16:44:04'),
(162, 33, 'Mrs. Dakota Upton DDS', 'Qui ratione dolore molestias iste omnis quidem at. Soluta est sequi quia enim sapiente voluptatem. Accusamus sapiente cupiditate repellat voluptatem aliquid. Ratione iste molestiae odit consequatur.', 1, '2020-09-25 16:44:04', '2020-09-25 16:44:04'),
(163, 21, 'Mrs. Katlyn Gutkowski', 'Voluptatem expedita perspiciatis dolore autem. Illum aut occaecati veniam aut excepturi unde. Vel natus eius est hic.', 0, '2020-09-25 16:44:04', '2020-09-25 16:44:04'),
(164, 3, 'Karolann Glover', 'Et odio animi earum. Tempore sapiente repellat omnis qui. Non dolor nemo atque aut quis. Et voluptatum ea eius aut qui enim.', 0, '2020-09-25 16:44:04', '2020-09-25 16:44:04'),
(165, 16, 'Dr. Gisselle Smith DDS', 'Id odio et voluptate fugiat quisquam quas. A quis est ipsam. Harum molestiae soluta fuga eum laborum alias ut. Et hic dolore officiis et beatae. Corrupti sint numquam eaque perspiciatis.', 4, '2020-09-25 16:44:04', '2020-09-25 16:44:04'),
(166, 27, 'Mrs. Verona Durgan III', 'Rem necessitatibus consequatur pariatur dolor. Minima et soluta consequatur ut voluptas eius non est. Repudiandae non illo explicabo reiciendis facere a. Perferendis quia fuga qui expedita aliquam provident. Saepe dolore sit quae.', 2, '2020-09-25 16:44:04', '2020-09-25 16:44:04'),
(167, 5, 'Prof. Gustave Kshlerin PhD', 'Voluptatem quia placeat ipsum earum. Commodi cum quae fuga. Eum provident qui est aut autem illum. Ex consequatur aut numquam dolores.', 2, '2020-09-25 16:44:04', '2020-09-25 16:44:04'),
(168, 30, 'Nels Purdy V', 'Est autem eveniet soluta nihil non. Amet error et consequatur non laudantium. Reiciendis explicabo eos inventore facilis harum est.', 3, '2020-09-25 16:44:04', '2020-09-25 16:44:04'),
(169, 32, 'Nedra Mraz', 'Laboriosam laudantium adipisci et quam inventore eum voluptatem voluptate. Inventore ex iste recusandae voluptate. Minima hic minus itaque quidem odio quisquam animi.', 1, '2020-09-25 16:44:04', '2020-09-25 16:44:04'),
(170, 13, 'Brittany Padberg', 'Illum pariatur quia exercitationem saepe molestiae quam. Sit ratione sed iste non et. Ex minima eligendi nam.', 3, '2020-09-25 16:44:04', '2020-09-25 16:44:04'),
(171, 30, 'Dr. Mervin Kris Jr.', 'Qui reiciendis consequuntur fugiat veritatis officiis. Facilis quia blanditiis et inventore deserunt rerum.', 4, '2020-09-25 16:44:04', '2020-09-25 16:44:04'),
(172, 38, 'Mr. Peyton Becker III', 'Voluptate doloremque quibusdam odio minus ipsa eos. Minus aliquam iure minus temporibus est sint. Quia sit sunt ipsam sit. Ipsum quam quo aut.', 4, '2020-09-25 16:44:04', '2020-09-25 16:44:04'),
(173, 4, 'Arnoldo Mueller', 'Non occaecati ut qui eos eos eveniet consequatur. Ut maxime suscipit maxime. Quae facere et repellat aut qui nihil id quas.', 3, '2020-09-25 16:44:04', '2020-09-25 16:44:04'),
(174, 31, 'Price Donnelly', 'Aspernatur aut consectetur ab omnis aut. Quasi explicabo doloribus eum assumenda. Ipsum ut velit aperiam modi iste repellat saepe. Quisquam reiciendis et qui nostrum. Laborum fuga deleniti et praesentium.', 5, '2020-09-25 16:44:04', '2020-09-25 16:44:04'),
(175, 39, 'Eden Blanda', 'Fugit dolore itaque voluptatem et consequatur id. Voluptas nihil quas porro rerum ipsam quia inventore. Nisi neque fugit quo est velit inventore sequi.', 3, '2020-09-25 16:44:04', '2020-09-25 16:44:04'),
(176, 45, 'Lonie Larson', 'Ut eaque et aspernatur quis. Aut eveniet qui iusto aut rerum. Magnam autem explicabo nisi. Nam qui delectus nihil nemo omnis aspernatur dignissimos dolores.', 1, '2020-09-25 16:44:04', '2020-09-25 16:44:04'),
(177, 6, 'Penelope DuBuque', 'Dolorem culpa quis perspiciatis. Magnam qui ratione ducimus et. Aut et voluptatibus asperiores et cupiditate reprehenderit eaque.', 3, '2020-09-25 16:44:04', '2020-09-25 16:44:04'),
(178, 17, 'Mrs. Amely Wiegand DDS', 'Occaecati sed quam provident corrupti. Et distinctio itaque commodi iure maxime ut. Incidunt distinctio et iusto et.', 5, '2020-09-25 16:44:04', '2020-09-25 16:44:04'),
(179, 40, 'Mr. Cristian Nienow', 'Omnis quasi consequatur vero soluta sed. Aut iure voluptatem officia qui eos debitis. Quo aspernatur delectus possimus voluptatibus qui ea vero quam. Eveniet incidunt ducimus quia qui asperiores in qui. Ut facilis impedit consequatur voluptate.', 5, '2020-09-25 16:44:04', '2020-09-25 16:44:04'),
(180, 5, 'Madie Ferry', 'Ratione reprehenderit amet voluptas cupiditate ab vel alias. Excepturi consequatur ipsam ad beatae iste. Ipsam ut ex et atque est in nisi hic.', 0, '2020-09-25 16:44:04', '2020-09-25 16:44:04'),
(181, 46, 'Justice Wyman II', 'Doloremque est delectus repellat quibusdam exercitationem. Veniam debitis dolore reiciendis animi blanditiis impedit laborum. Asperiores fuga repudiandae libero ea id. Unde voluptatem mollitia et itaque eligendi quos culpa.', 0, '2020-09-25 16:44:04', '2020-09-25 16:44:04'),
(182, 27, 'Prof. Okey Watsica', 'Consequuntur animi et reprehenderit quia ipsa. Distinctio rerum voluptatum nihil aut quia eius et. Ut cumque numquam ducimus reprehenderit qui.', 2, '2020-09-25 16:44:04', '2020-09-25 16:44:04'),
(183, 26, 'Reva Heidenreich', 'Et neque ea tenetur ut laboriosam dolorum consequuntur. Tempore a repudiandae aut. Provident optio possimus at nisi temporibus non. Repudiandae placeat eos est ea.', 4, '2020-09-25 16:44:05', '2020-09-25 16:44:05'),
(184, 14, 'Mrs. Zula Murray DDS', 'Et odio et consectetur illum. Cumque nobis consequatur explicabo qui. Ea dolorem sequi eius magni id voluptatem et. Iste temporibus aut itaque laboriosam earum unde expedita. Provident esse deleniti debitis non suscipit nostrum quaerat.', 5, '2020-09-25 16:44:05', '2020-09-25 16:44:05'),
(185, 44, 'Prof. Toni O\'Hara V', 'Et natus culpa ut odit laudantium natus ad. Et et dolores vel repudiandae tempora omnis nesciunt eum. Voluptas sint quas cumque rerum. Ducimus ab et eius sequi voluptas.', 3, '2020-09-25 16:44:05', '2020-09-25 16:44:05'),
(186, 7, 'Madge Hand', 'Voluptates repellendus autem est omnis deserunt et quo. Omnis dignissimos et quia aut dolores. Neque sunt dolores debitis. Sequi non temporibus consectetur quo qui repellat.', 0, '2020-09-25 16:44:05', '2020-09-25 16:44:05'),
(187, 1, 'Nikko Beer', 'Laborum aut ut voluptas qui laboriosam qui. Quas ut praesentium ducimus molestiae minus ab velit. Consequatur sed voluptas hic omnis omnis.', 2, '2020-09-25 16:44:05', '2020-09-25 16:44:05'),
(188, 30, 'Arturo Howe', 'Deleniti beatae quis dolorum officia veritatis. Eum sit commodi quo aut inventore et. Adipisci ex hic inventore error quod aut illo. Eius blanditiis sint repudiandae velit temporibus illo quo.', 3, '2020-09-25 16:44:05', '2020-09-25 16:44:05'),
(189, 42, 'Kailey Dicki', 'Aut cumque et et dolor. Cum sit repellendus rem nemo voluptatem natus et. Itaque consequuntur quia recusandae vero. Et sed est ipsa nesciunt.', 3, '2020-09-25 16:44:05', '2020-09-25 16:44:05'),
(190, 10, 'Myah Stroman DVM', 'Exercitationem magni eius quis qui et aut voluptate. Autem iusto qui beatae eligendi id. Accusantium velit at voluptatem ad omnis. Non aperiam qui numquam sed molestiae.', 3, '2020-09-25 16:44:05', '2020-09-25 16:44:05'),
(191, 48, 'Jessy Greenholt', 'Amet sunt delectus eveniet ratione. Rerum velit ut dolorem eius. Aut necessitatibus exercitationem soluta libero labore praesentium. Voluptate omnis qui sint perferendis.', 0, '2020-09-25 16:44:05', '2020-09-25 16:44:05'),
(192, 21, 'Lennie West', 'Odit sunt at sint natus. A possimus quia hic pariatur ea omnis. Ea hic dolores optio et distinctio.', 2, '2020-09-25 16:44:05', '2020-09-25 16:44:05'),
(193, 35, 'May Upton', 'Sapiente iste error officiis autem. Repellat ipsam est corporis corporis molestiae. Voluptas est voluptatem totam. Aut enim nesciunt odit sint ad optio distinctio. Sed autem est unde in quo facere sed distinctio.', 5, '2020-09-25 16:44:05', '2020-09-25 16:44:05'),
(194, 7, 'Finn Blanda II', 'Inventore velit recusandae harum illum qui a. Ut recusandae omnis animi perspiciatis eos perspiciatis. Quaerat aut ducimus commodi sit quam quae. Commodi dolorem reprehenderit beatae minima est quia.', 0, '2020-09-25 16:44:05', '2020-09-25 16:44:05'),
(195, 24, 'Enoch Predovic', 'Nulla iusto excepturi aspernatur sed. Inventore quibusdam soluta doloribus rerum.', 4, '2020-09-25 16:44:05', '2020-09-25 16:44:05'),
(196, 40, 'Arielle Tromp', 'Rem omnis fugiat non sed ducimus illo. Qui autem quisquam et iure inventore quia commodi. Exercitationem sint eaque vero aut ut ullam. Voluptas voluptas ut sit rerum consectetur delectus perspiciatis. Reiciendis et veritatis pariatur.', 1, '2020-09-25 16:44:05', '2020-09-25 16:44:05'),
(197, 32, 'Celia Rogahn', 'Numquam debitis architecto et consequatur est sit. Molestiae saepe temporibus et. Vel reprehenderit voluptates quo officiis. Est qui architecto quo similique amet.', 4, '2020-09-25 16:44:05', '2020-09-25 16:44:05'),
(198, 15, 'Colt Ernser', 'Sed quam consequuntur tempora exercitationem tempore. Odio odio quia quod vitae. Magnam facere expedita veniam. Ut nisi molestiae voluptatem nulla non.', 1, '2020-09-25 16:44:05', '2020-09-25 16:44:05'),
(199, 43, 'Kyler Kshlerin', 'Ut corporis labore ab doloribus autem nihil a. Explicabo deserunt vero est quo. Dolor sint optio error aut. In libero cupiditate alias animi ut.', 5, '2020-09-25 16:44:05', '2020-09-25 16:44:05'),
(200, 27, 'Elyssa O\'Conner', 'Qui impedit fugiat molestiae blanditiis esse sint nisi. Est tempore laudantium sed et perspiciatis. Magnam quia est voluptas a. Consequuntur nihil quisquam rerum et ratione dolores delectus in.', 4, '2020-09-25 16:44:05', '2020-09-25 16:44:05'),
(201, 6, 'Miss Erika Hudson', 'Suscipit eos sit ea et temporibus dolorem earum. Laudantium temporibus at sapiente. Aut odit quia autem molestiae molestias modi. Quo sed quis quae sapiente iste eum voluptatum.', 4, '2020-09-25 16:44:05', '2020-09-25 16:44:05'),
(202, 45, 'Mr. Seamus Koss III', 'Et enim eius quisquam aliquid. Expedita qui neque vitae omnis sed doloribus. Autem aut harum vel.', 1, '2020-09-25 16:44:05', '2020-09-25 16:44:05'),
(203, 33, 'Ardella Waelchi', 'Non magnam aspernatur porro illo assumenda voluptate aut. Molestias ut repudiandae harum minima eos impedit.', 4, '2020-09-25 16:44:05', '2020-09-25 16:44:05'),
(204, 27, 'Mr. Israel Hessel I', 'Perspiciatis dolor magnam qui fugiat. Eum quas nemo maxime laborum magni eius. Odio voluptas delectus et facere aspernatur aut labore. Odio suscipit dolores eos possimus facere repellendus dicta.', 2, '2020-09-25 16:44:05', '2020-09-25 16:44:05'),
(205, 7, 'Ari Kertzmann', 'Delectus distinctio incidunt et ut dicta qui. Inventore dolor nemo eaque sint quibusdam nesciunt est. Veniam enim id quisquam tempora facilis occaecati occaecati. Architecto quibusdam molestiae perferendis iste distinctio.', 5, '2020-09-25 16:44:05', '2020-09-25 16:44:05'),
(206, 21, 'Dr. Sigurd Rath', 'Corporis sint velit eaque tempora. Provident veritatis ut quod dolorem. Qui omnis vel quia. Ullam et eius vero ratione eum eos nobis.', 0, '2020-09-25 16:44:05', '2020-09-25 16:44:05'),
(207, 27, 'Prof. Art Bartoletti', 'Eos et neque quia. Ipsa dolores omnis et vel nobis et. Consequatur maiores hic omnis omnis sed fugit. Quibusdam vel non iusto ut.', 0, '2020-09-25 16:44:05', '2020-09-25 16:44:05');
INSERT INTO `reviews` (`id`, `product_id`, `customer_name`, `review`, `star`, `created_at`, `updated_at`) VALUES
(208, 43, 'Dwight Sporer', 'Qui qui qui assumenda et et minus. Quos eos voluptatibus dolores excepturi. Sunt possimus debitis est reiciendis. Sit doloremque enim quod cum ipsa. Ratione dolores perferendis nihil officiis atque.', 5, '2020-09-25 16:44:05', '2020-09-25 16:44:05'),
(209, 38, 'Prof. Stephan Harvey Jr.', 'Beatae quidem reiciendis est ipsam minus. Voluptate reprehenderit aut ab sit. Sint qui expedita labore enim delectus ex doloribus. Magni dolorem dolor atque maiores cum autem.', 3, '2020-09-25 16:44:05', '2020-09-25 16:44:05'),
(210, 40, 'Piper Huels III', 'Illo vel ut voluptatibus quae eos. Veritatis aut non ut enim omnis ipsum. Deserunt accusantium id exercitationem in accusantium.', 2, '2020-09-25 16:44:05', '2020-09-25 16:44:05'),
(211, 33, 'Mr. Victor Abernathy', 'Eligendi neque dolorem deserunt nemo. Ea quis maiores quis minus ullam vel. In minima est dolores maxime rerum ipsam blanditiis.', 2, '2020-09-25 16:44:05', '2020-09-25 16:44:05'),
(212, 24, 'Pauline Torp', 'Dolorem consequuntur consectetur quas itaque et iste omnis. Iste minus labore quia et vel. Facere rerum nostrum fugit autem et. Quae velit optio error. Similique voluptatem fugit eveniet qui dolorem.', 3, '2020-09-25 16:44:05', '2020-09-25 16:44:05'),
(213, 3, 'Tyrel Bayer', 'Repudiandae qui eos eius quidem similique minus sit ad. Dolores neque ea numquam magni ullam esse. Repudiandae delectus vero quas aut in quam ut. Omnis consequatur unde placeat aliquam dolores autem animi molestias.', 5, '2020-09-25 16:44:05', '2020-09-25 16:44:05'),
(214, 25, 'Lionel Bergstrom', 'Aliquid dolorem vitae et laboriosam labore aspernatur assumenda. Nulla nobis suscipit dolor quae eos laboriosam eos.', 5, '2020-09-25 16:44:05', '2020-09-25 16:44:05'),
(215, 16, 'Theron Wiza', 'Ab deserunt minima velit quae. Velit sapiente sapiente accusamus. Maiores reiciendis sapiente veniam deserunt.', 1, '2020-09-25 16:44:05', '2020-09-25 16:44:05'),
(216, 39, 'Carson Quigley II', 'Delectus ipsam id provident perferendis. Voluptatum facilis libero nostrum. Placeat ut perspiciatis enim esse autem officiis.', 3, '2020-09-25 16:44:05', '2020-09-25 16:44:05'),
(217, 4, 'Dr. Manuela O\'Conner', 'Id et repellendus ducimus doloribus. Sed quidem quisquam et ad. Quia eos corporis cum eum velit veniam quibusdam velit. Occaecati placeat dolor esse iure occaecati repudiandae.', 2, '2020-09-25 16:44:05', '2020-09-25 16:44:05'),
(218, 28, 'Rubie Crona DVM', 'Nisi autem ipsa est iusto. Et harum blanditiis autem omnis voluptas error. Autem libero quam sint qui et assumenda. Odit deleniti quis fugit ullam repudiandae.', 5, '2020-09-25 16:44:06', '2020-09-25 16:44:06'),
(219, 2, 'Raoul Gibson', 'Id placeat eos architecto sit doloribus vero voluptatem repudiandae. Incidunt dolorem est sed illum aspernatur placeat earum vel. Facere recusandae tempore aut est asperiores.', 1, '2020-09-25 16:44:06', '2020-09-25 16:44:06'),
(220, 18, 'Mr. Tyrique Bednar I', 'Omnis vero illum nesciunt voluptatem maxime ut. Voluptatibus fugit fuga placeat et explicabo voluptate. Tempore delectus rem quis ea voluptatem quaerat delectus excepturi. Distinctio dolorem aut dolorem rerum.', 4, '2020-09-25 16:44:06', '2020-09-25 16:44:06'),
(221, 38, 'Isaac Goyette', 'Quaerat delectus molestiae eligendi fugiat laudantium quis. Eligendi voluptatem ipsum iure temporibus rem doloremque doloribus odio. Ipsam quisquam excepturi rerum eum a.', 5, '2020-09-25 16:44:06', '2020-09-25 16:44:06'),
(222, 18, 'Joany Toy', 'Qui quia dolorum tempora incidunt ut vel sit. Debitis et illum laudantium magni dignissimos. Id eos id pariatur nobis et reprehenderit. Autem dolor ut suscipit dolores.', 4, '2020-09-25 16:44:06', '2020-09-25 16:44:06'),
(223, 28, 'Gerry Windler V', 'Maxime quis occaecati dignissimos et ut non ea. Iste dolore omnis est officia doloribus quos. Qui aut et enim quo. Aut sint ipsam ut optio repudiandae voluptatibus odio.', 3, '2020-09-25 16:44:06', '2020-09-25 16:44:06'),
(224, 42, 'Ludie Jakubowski', 'Accusamus ut molestias quas consequatur perspiciatis. Optio dicta non dolorem voluptatem quia. Excepturi facilis iure magnam est. Ex animi illum possimus sequi.', 2, '2020-09-25 16:44:06', '2020-09-25 16:44:06'),
(225, 3, 'Carrie Funk', 'Repellat velit fugiat voluptas omnis quia iste laborum. Atque et quos non nobis. Est quidem distinctio alias sit quo. Error aliquid ut quibusdam aperiam a facere.', 4, '2020-09-25 16:44:06', '2020-09-25 16:44:06'),
(226, 15, 'Mr. Adolfo Olson', 'Ut sunt voluptatem ab unde iure laudantium sit. Et illum quia quae et. Nam in rem quam et ut.', 1, '2020-09-25 16:44:06', '2020-09-25 16:44:06'),
(227, 35, 'Tiffany Collins', 'Molestias vel voluptatem magni qui aperiam officia. Omnis nulla culpa dolores possimus est enim eligendi. Eius aspernatur praesentium aperiam magni non.', 5, '2020-09-25 16:44:06', '2020-09-25 16:44:06'),
(228, 24, 'Lexi Metz', 'Sequi repellat dolor itaque eum odio. Repellat eaque cumque ea animi alias quod eius.', 0, '2020-09-25 16:44:06', '2020-09-25 16:44:06'),
(229, 45, 'Gabrielle Hansen', 'Voluptates occaecati eos error quaerat. Velit qui optio maxime amet rem numquam blanditiis. Dolorem natus voluptates sit ducimus ut optio. Tempore quae est est ipsa.', 1, '2020-09-25 16:44:06', '2020-09-25 16:44:06'),
(230, 25, 'Raul Ledner III', 'Dolorum itaque impedit optio sed quidem est qui voluptas. Nobis sint consequuntur totam quia fuga nihil voluptatibus. Ut qui et totam repellat esse ipsam.', 5, '2020-09-25 16:44:06', '2020-09-25 16:44:06'),
(231, 17, 'Mr. Mathew Bauch III', 'Magnam non voluptatem rerum enim doloremque. Ut iure vero sint et a. Inventore soluta et enim cumque. Labore ipsum temporibus ipsam mollitia rerum.', 4, '2020-09-25 16:44:06', '2020-09-25 16:44:06'),
(232, 45, 'Pinkie Heathcote', 'Aliquid non provident laboriosam ipsum. Explicabo ut consequuntur officiis non voluptates debitis.', 4, '2020-09-25 16:44:06', '2020-09-25 16:44:06'),
(233, 50, 'Mellie Murray', 'Voluptatem labore a aliquid et qui cumque. Nemo inventore molestiae dolorem placeat sapiente. Doloribus consequatur dolor et ratione eveniet est rerum.', 4, '2020-09-25 16:44:06', '2020-09-25 16:44:06'),
(234, 8, 'Chauncey Johnston', 'Velit totam similique molestiae voluptas. Corrupti qui deleniti unde sed sunt nihil cumque quia. Aspernatur nesciunt ut eos eum est quas. Tenetur autem tempore nisi ut nihil omnis consectetur.', 0, '2020-09-25 16:44:06', '2020-09-25 16:44:06'),
(235, 41, 'Mr. Judge Douglas V', 'Voluptate laudantium enim rerum consequuntur consequatur. Praesentium necessitatibus consectetur repellat nostrum nesciunt. Libero aut quidem deserunt accusamus molestiae eveniet ut quae.', 0, '2020-09-25 16:44:06', '2020-09-25 16:44:06'),
(236, 14, 'Prof. Donavon Halvorson', 'Facilis consequuntur voluptatem sit nulla nihil. Et praesentium et quasi. Id reiciendis sint aspernatur blanditiis. Voluptatem quaerat id temporibus ad dolor neque voluptas.', 5, '2020-09-25 16:44:06', '2020-09-25 16:44:06'),
(237, 45, 'Dr. Ladarius Halvorson', 'Ab id qui fugiat. Optio ipsam vitae non quo. Non fugit cumque soluta commodi.', 3, '2020-09-25 16:44:06', '2020-09-25 16:44:06'),
(238, 10, 'Miss Jalyn Carter', 'Et soluta illo et dolor. Culpa excepturi magnam porro. Quas nemo sapiente totam corporis velit soluta reiciendis. Incidunt maxime qui perspiciatis excepturi soluta.', 0, '2020-09-25 16:44:06', '2020-09-25 16:44:06'),
(239, 19, 'Arvel Hackett', 'Accusamus reiciendis provident quis illum. Doloremque libero minus quidem. Incidunt dolorem harum est. Perspiciatis quibusdam libero nemo quia. Libero eum non laudantium qui odit aut mollitia rerum.', 1, '2020-09-25 16:44:06', '2020-09-25 16:44:06'),
(240, 41, 'Demarco Volkman', 'Id voluptatem doloremque ex consequuntur modi excepturi mollitia. Corporis totam iusto voluptatem vel qui illum et. Harum voluptas maiores rem qui ea quae voluptatem.', 0, '2020-09-25 16:44:06', '2020-09-25 16:44:06'),
(241, 36, 'Bette Kohler', 'Et dignissimos sed suscipit et. Aut iusto laborum consequatur. Error quam quo cum quos consectetur.', 1, '2020-09-25 16:44:06', '2020-09-25 16:44:06'),
(242, 22, 'Frances Krajcik', 'Laudantium ipsum blanditiis excepturi est est consequuntur. Sit quasi illum nihil perferendis dolorum nisi qui. Ad molestiae quis fugit amet voluptate.', 3, '2020-09-25 16:44:06', '2020-09-25 16:44:06'),
(243, 40, 'Dr. Jamaal Tromp MD', 'Iste fugiat fuga velit excepturi voluptates voluptas. Quod molestiae ratione labore est occaecati. Quia quia quia et omnis.', 2, '2020-09-25 16:44:06', '2020-09-25 16:44:06'),
(244, 17, 'Jaunita Leuschke', 'Nisi voluptatem enim laudantium at est. Debitis velit sed earum necessitatibus ratione. Magnam quibusdam quis minus quo et placeat quod. Rerum perspiciatis in et magni dolores dolores.', 2, '2020-09-25 16:44:06', '2020-09-25 16:44:06'),
(245, 7, 'Prof. Hector Turcotte Sr.', 'Et quasi praesentium nostrum quaerat. Dolores iure et modi voluptatibus occaecati voluptatum.', 0, '2020-09-25 16:44:06', '2020-09-25 16:44:06'),
(246, 4, 'Bret Glover', 'Explicabo officia autem deserunt molestiae temporibus perferendis. Tempora reprehenderit et est autem dolorem. Vel minus voluptate qui eos voluptatibus omnis saepe. Iusto et architecto ducimus ullam fugiat minus.', 1, '2020-09-25 16:44:07', '2020-09-25 16:44:07'),
(247, 47, 'Mrs. Maritza Collins Sr.', 'Quisquam sapiente aspernatur itaque excepturi cum aliquam ad. Ut et est aut est ut ab nostrum. Optio voluptatibus vero est pariatur omnis tenetur minima. Error eius odio autem non quidem blanditiis commodi.', 3, '2020-09-25 16:44:07', '2020-09-25 16:44:07'),
(248, 7, 'Meaghan Walsh', 'Ipsa est a qui porro. Ullam possimus consequatur eos. Consequatur quo aut voluptas voluptas aliquid est exercitationem commodi.', 1, '2020-09-25 16:44:07', '2020-09-25 16:44:07'),
(249, 30, 'Mafalda Blick', 'Commodi dolores laborum sed iure nisi. Itaque voluptas ullam magni soluta omnis repellendus et. Quam delectus magnam et.', 4, '2020-09-25 16:44:07', '2020-09-25 16:44:07'),
(250, 8, 'Charley Zieme', 'Quibusdam optio amet et hic odit libero. Cum aperiam libero animi tenetur minima placeat. Iste eaque et provident excepturi quia. Rerum reprehenderit aut impedit. Explicabo pariatur quaerat omnis quis ducimus ut aliquam.', 1, '2020-09-25 16:44:07', '2020-09-25 16:44:07'),
(251, 13, 'Johan Johnson V', 'Est quo numquam quod quisquam. Voluptas eius molestiae veniam veniam. Quia impedit nam expedita iusto. Voluptas reprehenderit magni reprehenderit dolor aut ut quam.', 1, '2020-09-25 16:44:07', '2020-09-25 16:44:07'),
(252, 5, 'Waldo Purdy', 'Eveniet magnam omnis ducimus voluptatem. Non eligendi dolor ullam numquam rem. Est excepturi ut maxime beatae officia labore. Ex et quis fuga sequi sit nam. Omnis architecto quo quasi fugiat molestias autem et.', 4, '2020-09-25 16:44:07', '2020-09-25 16:44:07'),
(253, 46, 'Karelle Koch', 'Occaecati nihil quo doloribus. Quasi sequi soluta corporis vel sint quam qui voluptate. Laboriosam ut alias quis sequi. Quo id mollitia vitae pariatur exercitationem id.', 4, '2020-09-25 16:44:07', '2020-09-25 16:44:07'),
(254, 37, 'Mr. Emil Littel', 'Eos dolor ut distinctio ratione aut sed fugiat odio. Velit corporis id voluptatem pariatur perspiciatis. Modi porro sunt rerum sit cum tempore velit voluptatem.', 2, '2020-09-25 16:44:07', '2020-09-25 16:44:07'),
(255, 45, 'Lukas Becker', 'Nemo porro ut incidunt omnis repellat laudantium quae. Possimus praesentium at et esse maiores id facere. Saepe ut quos enim dolore. Impedit modi necessitatibus ut incidunt tempora aut.', 5, '2020-09-25 16:44:07', '2020-09-25 16:44:07'),
(256, 12, 'Bettye Rosenbaum', 'Rerum nobis dolores nemo ipsum iure autem. Repellendus et nisi in consectetur qui adipisci necessitatibus tempora. Voluptas assumenda molestiae quam accusantium.', 4, '2020-09-25 16:44:07', '2020-09-25 16:44:07'),
(257, 10, 'John Nikolaus', 'Quis fugit ipsum aliquid praesentium odit officiis ipsam eum. Animi id eum enim est labore et nihil. Delectus ut velit numquam aut quas aliquid distinctio. Autem deserunt accusamus odit ea quae recusandae.', 5, '2020-09-25 16:44:07', '2020-09-25 16:44:07'),
(258, 10, 'Jenifer Powlowski', 'Eum fugit recusandae rerum qui et sit consequatur. Voluptas voluptates consequatur quibusdam officia. Repellat omnis et accusamus.', 2, '2020-09-25 16:44:07', '2020-09-25 16:44:07'),
(259, 27, 'Mr. Ezequiel Cummings', 'Consequatur et autem consectetur ab voluptas ea suscipit. Ut iusto perspiciatis sit fugit nam. Ab corrupti aliquam explicabo molestiae et. Et quo nihil fugiat et.', 4, '2020-09-25 16:44:07', '2020-09-25 16:44:07'),
(260, 41, 'Candice Weissnat DDS', 'Pariatur vero in et ex adipisci rem. Quia qui voluptatem eos necessitatibus dolores quam magnam. Consectetur aut molestiae explicabo accusantium omnis ullam. Eum voluptas eos est nulla temporibus vel rerum nihil.', 3, '2020-09-25 16:44:07', '2020-09-25 16:44:07'),
(261, 34, 'Prof. Arch Nader DVM', 'Molestiae veniam ab tempore incidunt exercitationem ducimus maiores. Nam sit ab possimus beatae ut. Qui sed officiis nemo autem nam assumenda dolor.', 5, '2020-09-25 16:44:07', '2020-09-25 16:44:07'),
(262, 2, 'Selmer Barton', 'Facilis ipsa temporibus ex nulla. Reiciendis omnis placeat temporibus quaerat quia blanditiis. Ea voluptas et fugit repellendus et atque.', 4, '2020-09-25 16:44:07', '2020-09-25 16:44:07'),
(263, 10, 'Prof. Darian Wyman', 'Quia consequuntur repellendus quis aperiam molestiae culpa. Iure temporibus delectus incidunt cumque. Dolorum ducimus esse ipsa in reprehenderit voluptatem eos. Qui aut est et necessitatibus qui. Et modi in aliquam illum velit consequatur.', 3, '2020-09-25 16:44:07', '2020-09-25 16:44:07'),
(264, 1, 'Prof. Agustin Schulist', 'Sit magni occaecati delectus nam rerum dicta. Modi at optio placeat quis est et dolor. Beatae aliquid ex eos. Impedit illo sit officia.', 4, '2020-09-25 16:44:07', '2020-09-25 16:44:07'),
(265, 37, 'Oda Moen', 'Nobis quia maiores eum qui dolor. Maiores similique enim quisquam qui et soluta id. Non quos ad expedita. Voluptas cupiditate enim eligendi alias in voluptatem.', 4, '2020-09-25 16:44:07', '2020-09-25 16:44:07'),
(266, 26, 'Reginald Mayert', 'Distinctio tenetur dolor aliquid deleniti. Cumque error iusto error ab inventore quisquam voluptatem. Distinctio itaque ad repellendus magnam quidem et eaque distinctio.', 2, '2020-09-25 16:44:07', '2020-09-25 16:44:07'),
(267, 19, 'Dr. Julius Adams V', 'Natus cumque omnis reiciendis est omnis earum quas. Sapiente modi incidunt rem laborum atque sit perferendis. Doloribus ea ut quasi ut. Voluptatibus porro cupiditate architecto dicta maxime.', 0, '2020-09-25 16:44:07', '2020-09-25 16:44:07'),
(268, 16, 'Andy Stiedemann', 'Non amet et in architecto minus. A libero illum deserunt magni nihil vitae. Quis qui illum est expedita. Amet aliquid vel beatae autem totam sapiente iure est. Sit in rerum ab repellat aut provident.', 5, '2020-09-25 16:44:07', '2020-09-25 16:44:07'),
(269, 4, 'Kenya Hackett Jr.', 'Odit animi qui quo repudiandae excepturi ut et veritatis. Nihil corrupti aut deserunt. Quis nostrum ratione fugiat qui sit debitis. Eveniet aspernatur sint ipsam dolorum et voluptas.', 1, '2020-09-25 16:44:07', '2020-09-25 16:44:07'),
(270, 43, 'Coty Larson', 'Dolorem ut totam corrupti magni consequatur. Et nulla dolor qui totam doloremque. Minima nobis et molestiae exercitationem consequatur et doloremque. Ratione omnis fugiat voluptatem magnam dolor odio.', 2, '2020-09-25 16:44:07', '2020-09-25 16:44:07'),
(271, 13, 'Melvina Ferry', 'Quis sint sint accusamus et sunt. Minus tempore atque quibusdam esse sed facilis quae. Voluptas dolor alias enim in perferendis. Numquam tenetur ipsam et adipisci aperiam. Aperiam explicabo doloribus qui qui consectetur inventore veniam repellat.', 1, '2020-09-25 16:44:07', '2020-09-25 16:44:07'),
(272, 39, 'Hailie Dicki', 'Laboriosam ipsa pariatur soluta hic a molestias. Voluptate cumque ut ratione. Earum quia unde dignissimos omnis magnam est. Libero reprehenderit reiciendis aliquid sunt aut.', 4, '2020-09-25 16:44:07', '2020-09-25 16:44:07'),
(273, 28, 'Patience D\'Amore', 'Dolorem occaecati nisi unde ut commodi. Cum et assumenda et. Omnis quia corporis eos quia quia ducimus.', 4, '2020-09-25 16:44:07', '2020-09-25 16:44:07'),
(274, 35, 'Samantha Farrell MD', 'Et voluptatem amet et molestiae praesentium consectetur. Voluptatem placeat placeat pariatur non autem rerum ea.', 4, '2020-09-25 16:44:07', '2020-09-25 16:44:07'),
(275, 13, 'Fatima Cartwright IV', 'Eligendi velit velit reiciendis voluptate nobis mollitia. Dolore voluptatem cumque veritatis placeat quia et aliquid. Fugiat optio iure maxime itaque eius quas quo. Id optio odit aut.', 2, '2020-09-25 16:44:07', '2020-09-25 16:44:07'),
(276, 7, 'Mr. Alexzander Rath MD', 'Non similique soluta quae blanditiis sed illo. Impedit veritatis architecto est consequatur est quo. Ut amet ut consectetur quia numquam. Ut vel iure eaque iste quae.', 5, '2020-09-25 16:44:08', '2020-09-25 16:44:08'),
(277, 46, 'Mr. Roderick Miller Sr.', 'Quibusdam est eius vel dicta et eligendi doloribus. Aut qui sed deleniti explicabo minus. Suscipit rerum corporis incidunt odio qui totam. Quia necessitatibus consectetur accusantium dicta eveniet reprehenderit.', 5, '2020-09-25 16:44:08', '2020-09-25 16:44:08'),
(278, 44, 'Jed Legros', 'Aut nihil unde nobis consequatur. Esse omnis voluptatum et facilis. Omnis voluptas deleniti et ut. Dolorem soluta at magnam excepturi quibusdam consequatur quibusdam.', 4, '2020-09-25 16:44:08', '2020-09-25 16:44:08'),
(279, 21, 'Martina Harvey DDS', 'Ut illo ducimus sapiente voluptas eum. Cum eaque minus sequi fuga aspernatur sed. Nihil animi et est et sint.', 4, '2020-09-25 16:44:08', '2020-09-25 16:44:08'),
(280, 44, 'Kelsie Prohaska', 'Eum id quibusdam illo. Temporibus quod molestiae excepturi autem pariatur temporibus qui. Iure omnis sit et facilis dolores.', 5, '2020-09-25 16:44:08', '2020-09-25 16:44:08'),
(281, 42, 'Gregorio Rowe', 'Praesentium aliquam placeat sed iure quam exercitationem. Quis similique excepturi veritatis consequatur et voluptatem. Doloremque nihil eligendi mollitia doloremque illum temporibus asperiores facilis.', 2, '2020-09-25 16:44:08', '2020-09-25 16:44:08'),
(282, 48, 'Alanna Ward', 'Soluta necessitatibus aut et eligendi dolores ratione. Et natus perferendis consectetur. Recusandae aut recusandae in iusto ad quo quos. Omnis ipsum sint recusandae quo illo exercitationem laborum.', 1, '2020-09-25 16:44:08', '2020-09-25 16:44:08'),
(283, 50, 'Prof. Alba Rempel I', 'Ex sequi accusantium est est dicta vel ipsum. Neque voluptas sit officia. Accusantium deleniti non error est expedita. Similique dicta et inventore possimus enim ratione tenetur. Repellendus dolores laudantium quos sint quia.', 5, '2020-09-25 16:44:08', '2020-09-25 16:44:08'),
(284, 37, 'Fannie Beatty V', 'Similique assumenda illo ea aut aperiam. Non harum possimus aut similique magnam autem. Dolores a earum natus vel placeat officiis quia harum.', 0, '2020-09-25 16:44:08', '2020-09-25 16:44:08'),
(285, 1, 'Diego Ruecker', 'Aut unde quod corrupti veniam. Praesentium est nemo vero laboriosam. Laborum consectetur suscipit est aliquam commodi tempore et. Magni aut hic praesentium ullam. Voluptatibus harum ut praesentium aut commodi perspiciatis.', 2, '2020-09-25 16:44:08', '2020-09-25 16:44:08'),
(286, 35, 'Israel Auer', 'Minima exercitationem eligendi dolor esse occaecati. Ut deserunt nihil quia sunt est quia autem. Vel ullam similique dolor eum. Alias rerum eligendi in. Occaecati fuga mollitia neque.', 3, '2020-09-25 16:44:08', '2020-09-25 16:44:08'),
(287, 26, 'Norwood McLaughlin', 'Maxime debitis et doloremque quas omnis. Ut voluptatem laboriosam vero ut iste distinctio ipsum. Amet deleniti voluptas molestiae labore qui aliquid cum. Non recusandae ipsum aut qui.', 4, '2020-09-25 16:44:08', '2020-09-25 16:44:08'),
(288, 6, 'Brook Nienow', 'Repellat et qui blanditiis excepturi vitae. Voluptatibus nemo sequi dolores velit tempora illum tempora. Molestiae ut similique similique reiciendis pariatur.', 3, '2020-09-25 16:44:08', '2020-09-25 16:44:08'),
(289, 14, 'Prof. Garret Donnelly', 'Ipsa placeat totam odit ea. Molestias dolor sed dolor labore recusandae est. Ad veniam expedita pariatur officia. Aperiam doloremque adipisci aut voluptas velit aperiam est sunt.', 4, '2020-09-25 16:44:08', '2020-09-25 16:44:08'),
(290, 41, 'Clarissa Schmeler', 'Molestiae explicabo omnis id pariatur nihil dolorem suscipit rerum. Libero deleniti dolores non voluptatum vel sed recusandae. Quia rerum consequuntur delectus molestias. Autem neque officiis iste quia quidem dolor assumenda nisi.', 1, '2020-09-25 16:44:08', '2020-09-25 16:44:08'),
(291, 50, 'Kamille Deckow', 'Ad dolores accusantium aut. Cum nam aut modi ut quo neque. Porro exercitationem et quia. Tenetur eos iusto culpa eaque veritatis porro.', 4, '2020-09-25 16:44:08', '2020-09-25 16:44:08'),
(292, 42, 'Lysanne Bernier', 'Doloribus id eos ut veniam nostrum quia vel quasi. Quis sit et non. Itaque ab et nisi molestias voluptas in veniam. In inventore occaecati dolorem eos repellendus.', 4, '2020-09-25 16:44:08', '2020-09-25 16:44:08'),
(293, 28, 'Elijah Stamm', 'Sapiente optio iusto id ratione consequuntur aliquid neque. Ut quia iure nam ad sequi odit. Magni soluta animi tempore voluptatem tempora. Quae sit vel qui qui qui officiis.', 0, '2020-09-25 16:44:08', '2020-09-25 16:44:08'),
(294, 12, 'Florida Krajcik', 'Et a aut at deleniti voluptas sequi. Non fugit eos voluptatem voluptatem itaque autem. Tempore sed ullam blanditiis ad.', 3, '2020-09-25 16:44:08', '2020-09-25 16:44:08'),
(295, 15, 'Haylie Kozey', 'Facere voluptatem odio ipsum repudiandae quaerat suscipit. Alias dolorem amet quis quam aut. Voluptas ex et totam consequuntur numquam. Perspiciatis rerum quam quis quisquam et consectetur autem.', 4, '2020-09-25 16:44:08', '2020-09-25 16:44:08'),
(296, 49, 'Gage Stiedemann', 'Autem sint repellat ut quidem sint dolore aperiam. Qui quam iusto voluptas. Culpa repellat nihil ad.', 3, '2020-09-25 16:44:08', '2020-09-25 16:44:08'),
(297, 8, 'Carroll Daniel PhD', 'Provident quos odit ut esse et molestiae. Minus cum dolorem corporis quis animi blanditiis magnam. Esse quaerat sapiente magni magni culpa. In itaque sunt repellendus ut.', 4, '2020-09-25 16:44:08', '2020-09-25 16:44:08'),
(298, 28, 'Tyrese Hammes', 'Voluptas ex aut qui in sed sunt velit commodi. Saepe ut id minima consequatur nostrum maiores et id. Impedit ratione reiciendis velit laboriosam est.', 1, '2020-09-25 16:44:08', '2020-09-25 16:44:08'),
(299, 8, 'Helga Koepp Jr.', 'Repudiandae sit fugit aut. Alias et autem ad aut. Occaecati molestiae sit dolores omnis et et.', 2, '2020-09-25 16:44:08', '2020-09-25 16:44:08'),
(300, 39, 'Hope O\'Connell PhD', 'Expedita cupiditate magni officiis vel. In ullam natus qui enim. Repellendus voluptatibus pariatur provident quibusdam molestiae dolorem sunt inventore.', 5, '2020-09-25 16:44:08', '2020-09-25 16:44:08');

-- --------------------------------------------------------

--
-- Table structure for table `users`
--

CREATE TABLE `users` (
  `id` bigint(20) UNSIGNED NOT NULL,
  `name` varchar(255) COLLATE utf8mb4_unicode_ci NOT NULL,
  `email` varchar(255) COLLATE utf8mb4_unicode_ci NOT NULL,
  `email_verified_at` timestamp NULL DEFAULT NULL,
  `password` varchar(255) COLLATE utf8mb4_unicode_ci NOT NULL,
  `remember_token` varchar(100) COLLATE utf8mb4_unicode_ci DEFAULT NULL,
  `created_at` timestamp NULL DEFAULT NULL,
  `updated_at` timestamp NULL DEFAULT NULL
) ENGINE=InnoDB DEFAULT CHARSET=utf8mb4 COLLATE=utf8mb4_unicode_ci;

--
-- Indexes for dumped tables
--

--
-- Indexes for table `failed_jobs`
--
ALTER TABLE `failed_jobs`
  ADD PRIMARY KEY (`id`);

--
-- Indexes for table `migrations`
--
ALTER TABLE `migrations`
  ADD PRIMARY KEY (`id`);

--
-- Indexes for table `password_resets`
--
ALTER TABLE `password_resets`
  ADD KEY `password_resets_email_index` (`email`);

--
-- Indexes for table `products`
--
ALTER TABLE `products`
  ADD PRIMARY KEY (`id`);

--
-- Indexes for table `reviews`
--
ALTER TABLE `reviews`
  ADD PRIMARY KEY (`id`),
  ADD KEY `reviews_product_id_index` (`product_id`);

--
-- Indexes for table `users`
--
ALTER TABLE `users`
  ADD PRIMARY KEY (`id`),
  ADD UNIQUE KEY `users_email_unique` (`email`);

--
-- AUTO_INCREMENT for dumped tables
--

--
-- AUTO_INCREMENT for table `failed_jobs`
--
ALTER TABLE `failed_jobs`
  MODIFY `id` bigint(20) UNSIGNED NOT NULL AUTO_INCREMENT;

--
-- AUTO_INCREMENT for table `migrations`
--
ALTER TABLE `migrations`
  MODIFY `id` int(10) UNSIGNED NOT NULL AUTO_INCREMENT, AUTO_INCREMENT=6;

--
-- AUTO_INCREMENT for table `products`
--
ALTER TABLE `products`
  MODIFY `id` int(10) UNSIGNED NOT NULL AUTO_INCREMENT, AUTO_INCREMENT=51;

--
-- AUTO_INCREMENT for table `reviews`
--
ALTER TABLE `reviews`
  MODIFY `id` bigint(20) UNSIGNED NOT NULL AUTO_INCREMENT, AUTO_INCREMENT=301;

--
-- AUTO_INCREMENT for table `users`
--
ALTER TABLE `users`
  MODIFY `id` bigint(20) UNSIGNED NOT NULL AUTO_INCREMENT;

--
-- Constraints for dumped tables
--

--
-- Constraints for table `reviews`
--
ALTER TABLE `reviews`
  ADD CONSTRAINT `reviews_product_id_foreign` FOREIGN KEY (`product_id`) REFERENCES `products` (`id`) ON DELETE CASCADE;
COMMIT;

/*!40101 SET CHARACTER_SET_CLIENT=@OLD_CHARACTER_SET_CLIENT */;
/*!40101 SET CHARACTER_SET_RESULTS=@OLD_CHARACTER_SET_RESULTS */;
/*!40101 SET COLLATION_CONNECTION=@OLD_COLLATION_CONNECTION */;
